road,km,lat,lng
BLB,2.45,0.483063,127.968764
BLB,2.475,0.483206,127.968534
BLB,2.5,0.483308,127.968333
BLB,2.525,0.483395,127.968126
BLB,2.55,0.483468,127.967913
BLB,2.575,0.483526,127.967696
BLB,2.6,0.483568,127.967476
BLB,2.625,0.483614,127.967256
BLB,2.65,0.483718,127.967058
BLB,2.675,0.483878,127.9669
BLB,2.7,0.484076,127.966792
BLB,2.725,0.484279,127.966694
BLB,2.75,0.484486,127.966602
BLB,2.775,0.484708,127.966565
BLB,2.8,0.484933,127.966579
BLB,2.825,0.485145,127.966656
BLB,2.85,0.48533,127.966785
BLB,2.875,0.485519,127.966906
BLB,2.9,0.48574,127.966943
BLB,2.925,0.485954,127.966876
BLB,2.95,0.486115,127.966721
BLB,2.975,0.486255,127.966545
BLB,3.0,0.486395,127.966368
BLB,3.025,0.486535,127.966192
BLB,3.05,0.486675,127.966015
BLB,3.075,0.486836,127.965859
BLB,3.1,0.48704,127.965764
BLB,3.125,0.48726,127.96571
BLB,3.15,0.487479,127.965656
BLB,3.175,0.487699,127.965603
BLB,3.2,0.487919,127.965549
BLB,3.225,0.488138,127.965493
BLB,3.25,0.488351,127.965418
BLB,3.275,0.488555,127.965321
BLB,3.3,0.488747,127.965204
BLB,3.325,0.488932,127.965075
BLB,3.35,0.489117,127.964945
BLB,3.375,0.489301,127.964815
BLB,3.4,0.489494,127.964698
BLB,3.425,0.4897,127.964605
BLB,3.45,0.489916,127.964538
BLB,3.475,0.490138,127.964497
BLB,3.5,0.490363,127.964481
BLB,3.525,0.490589,127.964468
BLB,3.55,0.490815,127.964455
BLB,3.575,0.491041,127.964443
BLB,3.6,0.491266,127.96443
BLB,3.625,0.491492,127.964417
BLB,3.65,0.491718,127.964404
BLB,3.675,0.491942,127.964376
BLB,3.7,0.492163,127.964329
BLB,3.725,0.492383,127.964275
BLB,3.75,0.492592,127.964192
BLB,3.775,0.492758,127.964041
BLB,3.8,0.492858,127.963841
BLB,3.825,0.492889,127.963619
BLB,3.85,0.492888,127.963396
BLB,3.875,0.492807,127.963187
BLB,3.9,0.492685,127.962998
BLB,3.925,0.49253,127.962835
BLB,3.95,0.492361,127.962686
BLB,3.975,0.492192,127.962537
BLB,4.0,0.492023,127.962387
BLB,4.025,0.491865,127.962227
BLB,4.05,0.491766,127.962026
BLB,4.075,0.49174,127.961804
BLB,4.1,0.491789,127.961585
BLB,4.125,0.491859,127.961372
BLB,4.15,0.491931,127.961159
BLB,4.175,0.492017,127.960951
BLB,4.2,0.492122,127.960752
BLB,4.225,0.492244,127.960563
BLB,4.25,0.492374,127.960379
BLB,4.275,0.492504,127.960196
BLB,4.3,0.492634,127.960012
BLB,4.325,0.492764,127.959828
BLB,4.35,0.492892,127.959643
BLB,4.375,0.493002,127.959447
BLB,4.4,0.493103,127.959246
BLB,4.425,0.493203,127.959044
BLB,4.45,0.493331,127.95886
BLB,4.475,0.493503,127.958715
BLB,4.5,0.493707,127.95862
BLB,4.525,0.493927,127.95857
BLB,4.55,0.494149,127.958524
BLB,4.575,0.494369,127.958475
BLB,4.6,0.49459,127.958424
BLB,4.625,0.49481,127.958374
BLB,4.65,0.495025,127.958304
BLB,4.675,0.495235,127.958221
BLB,4.7,0.495458,127.958188
BLB,4.725,0.495682,127.95821
BLB,4.75,0.495902,127.958264
BLB,4.775,0.496121,127.958318
BLB,4.8,0.496341,127.958372
BLB,4.825,0.496558,127.958435
BLB,4.85,0.496764,127.958526
BLB,4.875,0.496956,127.958644
BLB,4.9,0.497138,127.958778
BLB,4.925,0.497319,127.958912
BLB,4.95,0.497462,127.959084
BLB,4.975,0.497525,127.959298
BLB,5.0,0.497558,127.959521
BLB,5.025,0.49759,127.959743
BLB,5.05,0.497625,127.959965
BLB,5.075,0.497675,127.960184
BLB,5.1,0.49774,127.960399
BLB,5.125,0.49782,127.960609
BLB,5.15,0.497916,127.960813
BLB,5.175,0.498026,127.961009
BLB,5.2,0.49815,127.961197
BLB,5.225,0.498287,127.961375
BLB,5.25,0.498437,127.961543
BLB,5.275,0.498599,127.9617
BLB,5.3,0.498766,127.961852
BLB,5.325,0.498933,127.962003
BLB,5.35,0.4991,127.962154
BLB,5.375,0.499267,127.962306
BLB,5.4,0.499434,127.962457
BLB,5.425,0.499602,127.962608
BLB,5.45,0.499769,127.962759
BLB,5.475,0.499936,127.962911
BLB,5.5,0.500103,127.963062
BLB,5.525,0.50027,127.963213
BLB,5.55,0.500437,127.963365
BLB,5.575,0.500605,127.963515
BLB,5.6,0.500786,127.963649
BLB,5.625,0.500977,127.96377
BLB,5.65,0.501168,127.963891
BLB,5.675,0.501373,127.963983
BLB,5.7,0.501586,127.964032
BLB,5.725,0.501812,127.964035
BLB,5.75,0.502031,127.963983
BLB,5.775,0.502248,127.963922
BLB,5.8,0.502474,127.963912
BLB,5.825,0.5027,127.963905
BLB,5.85,0.502921,127.963858
BLB,5.875,0.503127,127.963766
BLB,5.9,0.503332,127.96367
BLB,5.925,0.503536,127.963574
BLB,5.95,0.50374,127.963478
BLB,5.975,0.503945,127.963383
BLB,6.0,0.504159,127.963309
BLB,6.025,0.50438,127.963262
BLB,6.05,0.504605,127.963242
BLB,6.075,0.504831,127.963251
BLB,6.1,0.505054,127.963287
BLB,6.125,0.505271,127.96335
BLB,6.15,0.505485,127.963422
BLB,6.175,0.505697,127.963499
BLB,6.2,0.505907,127.963583
BLB,6.225,0.506116,127.963668
BLB,6.25,0.506326,127.963753
BLB,6.275,0.506535,127.963838
BLB,6.3,0.506745,127.963922
BLB,6.325,0.506954,127.964007
BLB,6.35,0.507163,127.964092
BLB,6.375,0.507368,127.964187
BLB,6.4,0.507566,127.964296
BLB,6.425,0.507759,127.964413
BLB,6.45,0.507952,127.96453
BLB,6.475,0.508136,127.96466
BLB,6.5,0.508305,127.96481
BLB,6.525,0.508456,127.964977
BLB,6.55,0.508586,127.96516
BLB,6.575,0.508763,127.965291
BLB,6.6,0.508985,127.965267
BLB,6.625,0.50921,127.965219
BLB,6.65,0.509434,127.965188
BLB,6.675,0.509658,127.965156
BLB,6.7,0.509882,127.965125
BLB,6.725,0.510106,127.965093
BLB,6.75,0.51033,127.965062
BLB,6.775,0.510554,127.96503
BLB,6.8,0.510778,127.964999
BLB,6.825,0.511002,127.964967
BLB,6.85,0.511225,127.964936
BLB,6.875,0.511449,127.964904
BLB,6.9,0.511673,127.964872
BLB,6.925,0.511896,127.964835
BLB,6.95,0.512118,127.964793
BLB,6.975,0.51234,127.964747
BLB,7.0,0.51256,127.964698
BLB,7.025,0.512781,127.96465
BLB,7.05,0.513002,127.964601
BLB,7.075,0.513223,127.964553
BLB,7.1,0.513444,127.964505
BLB,7.125,0.513665,127.964456
BLB,7.15,0.513886,127.964408
BLB,7.175,0.514106,127.96436
BLB,7.2,0.514327,127.964311
BLB,7.225,0.514548,127.964263
BLB,7.25,0.514769,127.964215
BLB,7.275,0.51499,127.964166
BLB,7.3,0.515211,127.964118
BLB,7.325,0.515433,127.96408
BLB,7.35,0.515659,127.96406
BLB,7.375,0.515885,127.964059
BLB,7.4,0.51611,127.964076
BLB,7.425,0.516333,127.964112
BLB,7.45,0.516555,127.964158
BLB,7.475,0.516776,127.964204
BLB,7.5,0.516997,127.964249
BLB,7.525,0.517219,127.964295
BLB,7.55,0.51744,127.964341
BLB,7.575,0.517662,127.964386
BLB,7.6,0.517883,127.964432
BLB,7.625,0.518105,127.964478
BLB,7.65,0.518324,127.964531
BLB,7.675,0.518541,127.964595
BLB,7.7,0.518762,127.964642
BLB,7.725,0.518986,127.964672
BLB,7.75,0.519209,127.964708
BLB,7.775,0.519432,127.96475
BLB,7.8,0.519657,127.96477
BLB,7.825,0.519882,127.964761
BLB,7.85,0.520105,127.964723
BLB,7.875,0.520321,127.964658
BLB,7.9,0.520534,127.964582
BLB,7.925,0.520747,127.964505
BLB,7.95,0.520955,127.964417
BLB,7.975,0.52117,127.964349
BLB,8.0,0.521392,127.964308
BLB,8.025,0.521618,127.964301
BLB,8.05,0.521843,127.964328
BLB,8.075,0.52206,127.964388
BLB,8.1,0.522266,127.96448
BLB,8.125,0.522456,127.964602
BLB,8.15,0.522625,127.964751
BLB,8.175,0.522769,127.964924
BLB,8.2,0.522896,127.96511
BLB,8.225,0.523046,127.965276
BLB,8.25,0.523249,127.965373
BLB,8.275,0.523461,127.96545
BLB,8.3,0.523682,127.965497
BLB,8.325,0.523904,127.965544
BLB,8.35,0.524127,127.965575
BLB,8.375,0.524353,127.965574
BLB,8.4,0.524577,127.965541
BLB,8.425,0.524794,127.965477
BLB,8.45,0.524999,127.965383
BLB,8.475,0.525188,127.965261
BLB,8.5,0.525359,127.965114
BLB,8.525,0.525506,127.964943
BLB,8.55,0.525641,127.964763
BLB,8.575,0.525768,127.964577
BLB,8.6,0.525881,127.964383
BLB,8.625,0.525982,127.964182
BLB,8.65,0.526068,127.963974
BLB,8.675,0.526145,127.963763
BLB,8.7,0.52623,127.963555
BLB,8.725,0.526334,127.963355
BLB,8.75,0.526454,127.963165
BLB,8.775,0.526583,127.96298
BLB,8.8,0.526715,127.962798
BLB,8.825,0.526867,127.962632
BLB,8.85,0.527021,127.962467
BLB,8.875,0.527174,127.962302
BLB,8.9,0.527328,127.962138
BLB,8.925,0.527485,127.961976
BLB,8.95,0.527651,127.961823
BLB,8.975,0.527825,127.96168
BLB,9.0,0.528008,127.961548
BLB,9.025,0.528197,127.961425
BLB,9.05,0.528393,127.961314
BLB,9.075,0.528596,127.961213
BLB,9.1,0.528803,127.961124
BLB,9.125,0.529016,127.961047
BLB,9.15,0.529232,127.960982
BLB,9.175,0.529451,127.960926
BLB,9.2,0.529675,127.960891
BLB,9.225,0.529899,127.960867
BLB,9.25,0.530125,127.960853
BLB,9.275,0.530351,127.96086
BLB,9.3,0.530575,127.960887
BLB,9.325,0.530797,127.960934
BLB,9.35,0.531015,127.960991
BLB,9.375,0.531234,127.961049
BLB,9.4,0.531454,127.961098
BLB,9.425,0.53168,127.961098
BLB,9.45,0.531902,127.961056
BLB,9.475,0.532096,127.960952
BLB,9.5,0.532165,127.960741
BLB,9.525,0.532204,127.96052
BLB,9.55,0.532251,127.9603
BLB,9.575,0.532377,127.960116
BLB,9.6,0.532568,127.959998
BLB,9.625,0.532773,127.959903
BLB,9.65,0.532979,127.959811
BLB,9.675,0.533071,127.959614
BLB,9.7,0.533113,127.959393
BLB,9.725,0.533185,127.959181
BLB,9.75,0.533292,127.958983
BLB,9.775,0.533452,127.958825
BLB,9.8,0.533623,127.958678
BLB,9.825,0.533777,127.958515
BLB,9.85,0.533927,127.958346
BLB,9.875,0.534095,127.958196
BLB,9.9,0.534199,127.958007
BLB,9.925,0.534114,127.9578
BLB,9.95,0.534,127.957606
BLB,9.975,0.533971,127.957389
BLB,10.0,0.534034,127.957173
BLB,10.025,0.534075,127.956952
BLB,10.05,0.534073,127.956728
BLB,10.075,0.534057,127.956505
BLB,10.1,0.534139,127.956298
BLB,10.125,0.534409,127.956071
BLB,17.15,0.534417,127.95607
BLB,17.175,0.534456,127.956241
BLB,17.2,0.534537,127.956451
BLB,17.225,0.534584,127.95667
BLB,17.25,0.534578,127.956894
BLB,17.275,0.534633,127.957104
BLB,17.3,0.53484,127.957167
BLB,17.325,0.534999,127.957022
BLB,17.35,0.535063,127.956807
BLB,17.375,0.535238,127.956673
BLB,17.4,0.535459,127.956628
BLB,17.425,0.535681,127.956584
BLB,17.45,0.535903,127.956541
BLB,17.475,0.536125,127.956497
BLB,17.5,0.53634,127.956431
BLB,17.525,0.536542,127.95633
BLB,17.55,0.536727,127.956201
BLB,17.575,0.536909,127.956067
BLB,17.6,0.5371,127.955949
BLB,17.625,0.537315,127.955989
BLB,17.65,0.537422,127.956178
BLB,17.675,0.537344,127.956382
BLB,17.7,0.537157,127.956509
BLB,17.725,0.536969,127.956632
BLB,17.75,0.536781,127.956758
BLB,17.775,0.536624,127.956918
BLB,17.8,0.536517,127.957115
BLB,17.825,0.536442,127.957327
BLB,17.85,0.536354,127.957534
BLB,17.875,0.536234,127.957724
BLB,17.9,0.536091,127.957898
BLB,17.925,0.535946,127.958071
BLB,17.95,0.535802,127.958244
BLB,17.975,0.535681,127.95843
BLB,18.0,0.535751,127.958633
BLB,18.025,0.535963,127.958676
BLB,18.05,0.536107,127.958516
BLB,18.075,0.536193,127.958309
BLB,18.1,0.536351,127.95815
BLB,18.125,0.536534,127.958018
BLB,18.15,0.536716,127.957885
BLB,18.175,0.536865,127.957718
BLB,18.2,0.536942,127.957508
BLB,18.225,0.537103,127.957364
BLB,18.25,0.537309,127.957429
BLB,18.275,0.537357,127.957638
BLB,18.3,0.537258,127.95784
BLB,18.325,0.537132,127.958027
BLB,18.35,0.536977,127.95819
BLB,18.375,0.536812,127.958343
BLB,18.4,0.536646,127.958495
BLB,18.425,0.536577,127.958699
BLB,18.45,0.536719,127.958861
BLB,18.475,0.536931,127.958821
BLB,18.5,0.53712,127.95871
BLB,18.525,0.537314,127.958805
BLB,18.55,0.537329,127.959019
BLB,18.575,0.53718,127.959187
BLB,18.6,0.537029,127.959354
BLB,18.625,0.536924,127.959552
BLB,18.65,0.536878,127.959771
BLB,18.675,0.536894,127.959995
BLB,18.7,0.536957,127.96021
BLB,18.725,0.536957,127.960429
BLB,18.75,0.536796,127.960578
BLB,18.775,0.536574,127.960567
BLB,18.8,0.536356,127.960593
BLB,18.825,0.536204,127.960757
BLB,18.85,0.536132,127.960968
BLB,18.875,0.536077,127.961184
BLB,18.9,0.535921,127.961343
BLB,18.925,0.535709,127.96142
BLB,18.95,0.535498,127.961502
BLB,18.975,0.535296,127.961602
BLB,19.0,0.535102,127.961717
BLB,19.025,0.534919,127.961849
BLB,19.05,0.534743,127.96199
BLB,19.075,0.534662,127.962193
BLB,19.1,0.534759,127.962389
BLB,19.125,0.53497,127.962449
BLB,19.15,0.535177,127.962362
BLB,19.175,0.535399,127.962327
BLB,19.2,0.535616,127.962384
BLB,19.225,0.535821,127.962479
BLB,19.25,0.536038,127.962539
BLB,19.275,0.536263,127.962562
BLB,19.3,0.536488,127.962548
BLB,19.325,0.53671,127.962506
BLB,19.35,0.536932,127.962461
BLB,19.375,0.537154,127.962417
BLB,19.4,0.537375,127.962372
BLB,19.425,0.537597,127.962328
BLB,19.45,0.537819,127.962289
BLB,19.475,0.538036,127.962343
BLB,19.5,0.538232,127.962454
BLB,19.525,0.538454,127.962482
BLB,19.55,0.53867,127.962418
BLB,19.575,0.538843,127.962276
BLB,19.6,0.539002,127.962117
BLB,19.625,0.5392,127.96201
BLB,19.65,0.539423,127.961983
BLB,19.675,0.53964,127.96204
BLB,19.7,0.539821,127.962173
BLB,19.725,0.539939,127.962363
BLB,19.75,0.539982,127.962582
BLB,19.775,0.540016,127.962804
BLB,19.8,0.540113,127.963006
BLB,19.825,0.540268,127.963169
CBB,6.3,0.479714,127.937013
CBB,6.325,0.479947,127.937024
CBB,6.35,0.480173,127.937027
CBB,6.375,0.480398,127.937028
CBB,6.4,0.480626,127.937009
CBB,6.425,0.480869,127.937024
CBB,6.45,0.481086,127.937039
CBB,6.475,0.481325,127.937033
CBB,6.5,0.48153,127.937019
CBB,6.525,0.481744,127.937005
CBB,6.55,0.481954,127.93702
CBB,6.575,0.482129,127.937107
CBB,6.6,0.482256,127.937223
CBB,6.625,0.482275,127.937453
CBB,6.65,0.482221,127.937634
CBB,6.675,0.482035,127.937729
CBB,6.7,0.481864,127.937779
CBB,6.725,0.481607,127.937832
CBB,6.75,0.48139,127.937896
CBB,6.775,0.481217,127.937995
CBB,6.8,0.481071,127.938099
CBB,6.825,0.480921,127.938248
CBB,6.85,0.48081,127.938419
CBB,6.875,0.480855,127.938589
CBB,6.9,0.480948,127.938715
CBB,6.925,0.481118,127.938888
CBB,6.95,0.481262,127.939042
CBB,6.975,0.481433,127.93922
CBB,7.0,0.481563,127.939385
CBB,7.025,0.481655,127.939589
CBB,7.05,0.48172,127.939787
CBB,7.075,0.481805,127.940009
CBB,7.1,0.481873,127.940211
CBB,7.125,0.48197,127.940397
CBB,7.15,0.48208,127.940515
CBB,7.175,0.482271,127.940537
CBB,7.2,0.482481,127.94051
CBB,7.225,0.482647,127.94064
CBB,7.25,0.48272,127.940855
CBB,7.275,0.482652,127.94107
CBB,7.3,0.482543,127.941238
CBB,7.325,0.482426,127.941453
CBB,7.35,0.482316,127.941634
CBB,7.375,0.48221,127.941832
CBB,7.4,0.482098,127.942019
CBB,7.425,0.482017,127.942219
CBB,7.45,0.481965,127.94241
CBB,7.475,0.481947,127.942612
CBB,7.5,0.482006,127.942783
CBB,7.525,0.482201,127.942733
CBB,7.55,0.482365,127.942628
CBB,7.575,0.482522,127.942495
CBB,7.6,0.482668,127.942364
CBB,7.625,0.482851,127.942238
CBB,7.65,0.483037,127.942117
CBB,7.675,0.483208,127.941969
CBB,7.7,0.483345,127.941799
CBB,7.725,0.483469,127.941619
CBB,7.75,0.483604,127.941448
CBB,7.775,0.483742,127.941271
CBB,7.8,0.483879,127.941084
CBB,7.825,0.48401,127.940918
CBB,7.85,0.484151,127.940747
CBB,7.875,0.48433,127.940607
CBB,7.9,0.484511,127.940502
CBB,7.925,0.484709,127.940406
CBB,7.95,0.484871,127.940336
CBB,7.975,0.485052,127.940224
CBB,8.0,0.485203,127.940116
CBB,8.025,0.485283,127.939981
CBB,8.05,0.485334,127.939773
CBB,8.075,0.48529,127.939579
CBB,8.1,0.485212,127.939387
CBB,8.125,0.485184,127.939158
CBB,8.15,0.485224,127.938939
CBB,8.175,0.48533,127.938713
CBB,8.2,0.485501,127.938541
CBB,8.225,0.485702,127.938426
CBB,8.25,0.485902,127.938321
CBB,8.275,0.486102,127.938216
CBB,8.3,0.486302,127.938111
CBB,8.325,0.486502,127.938006
CBB,8.35,0.486702,127.937902
CBB,8.375,0.486908,127.937797
CBB,8.4,0.487123,127.93771
CBB,8.425,0.487347,127.937646
CBB,8.45,0.487575,127.937604
CBB,8.475,0.487807,127.937586
CBB,8.5,0.488034,127.937587
CBB,8.525,0.48826,127.937588
CBB,8.55,0.488487,127.937589
CBB,8.575,0.488713,127.93759
CBB,8.6,0.48893,127.937587
CBB,8.625,0.489139,127.937547
CBB,8.65,0.489336,127.937463
CBB,8.675,0.489536,127.93735
CBB,8.7,0.489749,127.937254
CBB,8.725,0.489972,127.937184
CBB,8.75,0.490201,127.937141
CBB,8.775,0.490434,127.937125
CBB,8.8,0.490668,127.937136
CBB,8.825,0.490895,127.937174
CBB,8.85,0.491116,127.937218
CBB,8.875,0.491332,127.937252
CBB,8.9,0.49155,127.937261
CBB,8.925,0.491768,127.937243
CBB,8.95,0.491982,127.9372
CBB,8.975,0.49219,127.937132
CBB,9.0,0.492387,127.937039
CBB,9.025,0.492573,127.936924
CBB,9.05,0.492743,127.936789
CBB,9.075,0.492897,127.936632
CBB,9.1,0.493048,127.936465
CBB,9.125,0.493197,127.936296
CBB,9.15,0.493346,127.936127
CBB,9.175,0.493495,127.935957
CBB,9.2,0.493641,127.935786
CBB,9.225,0.493792,127.935615
CBB,9.25,0.493957,127.935454
CBB,9.275,0.494135,127.935306
CBB,9.3,0.494324,127.935174
CBB,9.325,0.494524,127.935058
CBB,9.35,0.494733,127.934959
CBB,9.375,0.494949,127.934878
CBB,9.4,0.495171,127.934813
CBB,9.425,0.495397,127.934769
CBB,9.45,0.495621,127.934734
CBB,9.475,0.495844,127.934699
CBB,9.5,0.496068,127.934666
CBB,9.525,0.496291,127.934632
CBB,9.55,0.496515,127.934597
CBB,9.575,0.496736,127.934563
CBB,9.6,0.496945,127.934513
CBB,9.625,0.497143,127.934429
CBB,9.65,0.497326,127.934311
CBB,9.675,0.497506,127.934175
CBB,9.7,0.497686,127.934039
CBB,9.725,0.497867,127.933902
CBB,9.75,0.498064,127.933772
CBB,9.775,0.49828,127.933677
CBB,9.8,0.498509,127.933618
CBB,9.825,0.498744,127.933599
CBB,9.85,0.49897,127.933602
CBB,9.875,0.499196,127.933605
CBB,9.9,0.499422,127.933608
CBB,9.925,0.499648,127.933611
CBB,9.95,0.499872,127.933613
CBB,9.975,0.500092,127.933602
CBB,10.0,0.500309,127.933563
CBB,10.025,0.500528,127.933516
CBB,10.05,0.500749,127.933466
CBB,10.075,0.500969,127.933415
CBB,10.1,0.50119,127.933369
CBB,10.125,0.501411,127.933318
CBB,10.15,0.501631,127.933268
CBB,10.175,0.501851,127.933218
CBB,10.2,0.502073,127.933165
CBB,10.225,0.502297,127.933122
CBB,10.25,0.502522,127.933084
CBB,10.275,0.502747,127.933052
CBB,10.3,0.502974,127.933026
CBB,10.325,0.503201,127.933005
CBB,10.35,0.503428,127.93299
CBB,10.375,0.503656,127.93298
CBB,10.4,0.503882,127.932973
CBB,10.425,0.504108,127.932969
CBB,10.45,0.504334,127.932964
CBB,10.475,0.504561,127.932959
CBB,10.5,0.504787,127.932956
CBB,10.525,0.505013,127.932951
CBB,10.55,0.505225,127.932947
CBB,10.575,0.505411,127.932885
CBB,10.6,0.505555,127.932753
CBB,10.625,0.505635,127.932564
CBB,10.65,0.505697,127.932343
CBB,10.675,0.505815,127.932118
CBB,10.7,0.506011,127.931962
CBB,10.725,0.506214,127.931864
CBB,10.75,0.506418,127.931767
CBB,10.775,0.506621,127.931669
CBB,10.8,0.506788,127.931582
CBB,10.825,0.506853,127.931428
CBB,10.85,0.506794,127.931201
CBB,10.875,0.5067,127.930976
CBB,10.9,0.506851,127.930741
CBB,10.925,0.507127,127.930693
CBB,10.95,0.507349,127.930864
CBB,10.975,0.507376,127.931106
CBB,11.0,0.507415,127.931343
CBB,11.025,0.507393,127.931568
CBB,11.05,0.507376,127.931772
CBB,11.075,0.507289,127.931966
CBB,11.1,0.507188,127.932149
CBB,11.125,0.507035,127.932273
CBB,11.15,0.506821,127.932408
CBB,11.175,0.506755,127.932671
CBB,11.2,0.506944,127.932763
CBB,11.225,0.507102,127.932819
CBB,11.25,0.507277,127.932723
CBB,11.275,0.507457,127.932588
CBB,11.3,0.507637,127.932452
CBB,11.325,0.507848,127.932309
CBB,11.35,0.508125,127.932327
CBB,11.375,0.508166,127.932595
CBB,11.4,0.508124,127.93278
CBB,11.425,0.508094,127.933042
CBB,11.45,0.508296,127.933115
CBB,11.475,0.508457,127.933156
CBB,11.5,0.508639,127.933043
CBB,11.525,0.508909,127.932977
CBB,11.55,0.509139,127.933132
CBB,11.575,0.509071,127.933422
CBB,11.6,0.509252,127.933547
CBB,11.625,0.509388,127.933675
CBB,11.65,0.509628,127.933764
CBB,11.675,0.509849,127.93381
CBB,11.7,0.51007,127.933857
CBB,11.725,0.510292,127.933903
CBB,11.75,0.510513,127.93395
CBB,11.775,0.510732,127.934003
CBB,11.8,0.510946,127.934076
CBB,11.825,0.511158,127.934155
CBB,11.85,0.51137,127.934234
CBB,11.875,0.511585,127.934304
CBB,11.9,0.511809,127.93433
CBB,11.925,0.512033,127.934308
CBB,11.95,0.512253,127.934255
CBB,11.975,0.512473,127.934202
CBB,12.0,0.512693,127.934149
CBB,12.025,0.512913,127.934096
CBB,12.05,0.513136,127.934064
CBB,12.075,0.513361,127.934045
CBB,12.1,0.513587,127.934027
CBB,12.125,0.513812,127.934009
CBB,12.15,0.514038,127.933991
CBB,12.175,0.514263,127.933967
CBB,12.2,0.514485,127.933926
CBB,12.225,0.514702,127.933865
CBB,12.25,0.514914,127.933786
CBB,12.275,0.515119,127.933692
CBB,12.3,0.515324,127.933596
CBB,12.325,0.515528,127.933499
CBB,12.35,0.515732,127.933403
CBB,12.375,0.515936,127.933306
CBB,12.4,0.51614,127.93321
CBB,12.425,0.516345,127.933113
CBB,12.45,0.516549,127.933017
CBB,12.475,0.516753,127.93292
CBB,12.5,0.516957,127.932824
CBB,12.525,0.517161,127.932727
CBB,12.55,0.517366,127.932631
CBB,12.575,0.51757,127.932534
CBB,12.6,0.517774,127.932438
CBB,12.625,0.517978,127.932341
CBB,12.65,0.51819,127.932262
CBB,12.675,0.518409,127.932209
CBB,12.7,0.518634,127.932184
CBB,12.725,0.51886,127.932184
CBB,12.75,0.519086,127.93219
CBB,12.775,0.519312,127.932196
CBB,12.8,0.519538,127.932202
CBB,12.825,0.519764,127.932208
CBB,12.85,0.51999,127.932214
CBB,12.875,0.520216,127.932208
CBB,12.9,0.520441,127.932185
CBB,12.925,0.520666,127.932156
CBB,12.95,0.52089,127.932127
CBB,12.975,0.521114,127.932098
CBB,13.0,0.521338,127.932069
CBB,13.025,0.521562,127.932039
CBB,13.05,0.521786,127.932008
CBB,13.075,0.522008,127.931964
CBB,13.1,0.522227,127.931906
CBB,13.125,0.522441,127.931835
CBB,13.15,0.522653,127.931757
CBB,13.175,0.522866,127.93168
CBB,13.2,0.523078,127.931603
CBB,13.225,0.52329,127.931526
CBB,13.25,0.523503,127.931448
CBB,13.275,0.523715,127.931371
CBB,13.3,0.523927,127.931294
CBB,13.325,0.52414,127.931217
CBB,13.35,0.524352,127.931139
CBB,13.375,0.524563,127.931059
CBB,13.4,0.524762,127.930952
CBB,13.425,0.524941,127.930816
CBB,13.45,0.525114,127.930671
CBB,13.475,0.525269,127.930604
CBB,13.575,0.525446,127.93058
CBB,13.6,0.525654,127.93069
CBB,13.625,0.525845,127.930826
CBB,13.65,0.526019,127.930984
CBB,13.675,0.526171,127.931162
CBB,13.7,0.526299,127.931357
CBB,13.725,0.526402,127.931567
CBB,13.75,0.526346,127.931858
CBB,13.775,0.526394,127.932075
CBB,13.8,0.526441,127.932295
CBB,13.825,0.526489,127.932514
CBB,13.85,0.526536,127.932734
CBB,13.875,0.526583,127.932953
CBB,13.9,0.526631,127.933173
CBB,13.925,0.526678,127.933393
CBB,13.95,0.526726,127.933612
CBB,13.975,0.526773,127.933832
CBB,14.0,0.526819,127.934052
CBB,14.025,0.526866,127.934272
CBB,14.05,0.526914,127.934491
CBB,14.075,0.526961,127.934711
CBB,14.1,0.527012,127.93493
CBB,14.125,0.527059,127.93515
CBB,14.15,0.527107,127.935369
CBB,14.175,0.527154,127.935589
CBB,14.2,0.527198,127.935809
CBB,14.225,0.527245,127.936029
CBB,14.25,0.527293,127.936249
CBB,14.275,0.527347,127.936472
CBB,14.3,0.527545,127.936605
CBB,14.325,0.527628,127.936808
CBB,14.35,0.527727,127.937003
CBB,14.375,0.527843,127.937188
CBB,14.4,0.527973,127.937385
CBB,14.425,0.527935,127.937681
CBB,14.45,0.527982,127.937887
CBB,14.475,0.527994,127.938099
CBB,14.5,0.527973,127.93831
CBB,14.525,0.527914,127.938514
CBB,14.55,0.527823,127.938705
CBB,14.575,0.527701,127.938879
CBB,14.6,0.527551,127.939031
CBB,14.625,0.527378,127.939155
CBB,14.65,0.527187,127.93925
CBB,14.675,0.526982,127.939311
CBB,14.7,0.526815,127.939455
CBB,14.725,0.527045,127.939618
CBB,14.75,0.527224,127.939756
CBB,14.775,0.527401,127.939896
CBB,14.8,0.527567,127.940048
CBB,14.825,0.527716,127.940217
CBB,14.85,0.527856,127.940393
CBB,14.875,0.527996,127.94057
CBB,14.9,0.528136,127.940746
CBB,14.925,0.528276,127.940922
CBB,14.95,0.528416,127.941099
CBB,14.975,0.528556,127.941275
CBB,15.0,0.528696,127.941452
CBB,15.025,0.528861,127.941604
CBB,15.05,0.529066,127.941696
CBB,15.075,0.529281,127.941766
CBB,15.1,0.529496,127.941837
CBB,15.125,0.529699,127.941933
CBB,15.15,0.529869,127.942081
CBB,15.175,0.52999,127.942269
CBB,15.2,0.530067,127.94248
CBB,15.225,0.53014,127.942693
CBB,15.25,0.530213,127.942906
CBB,15.275,0.530285,127.943119
CBB,15.3,0.530358,127.943331
CBB,15.325,0.53043,127.943544
CBB,15.35,0.530503,127.943757
CBB,15.375,0.530576,127.94397
CBB,15.4,0.530648,127.944182
CBB,15.425,0.530717,127.944396
CBB,15.45,0.530774,127.944614
CBB,15.475,0.530828,127.944832
CBB,15.5,0.530898,127.945045
CBB,15.525,0.530995,127.945248
CBB,15.55,0.531116,127.945438
CBB,15.575,0.531248,127.94562
CBB,15.6,0.53138,127.945803
CBB,15.625,0.531512,127.945985
CBB,15.65,0.531605,127.946188
CBB,15.675,0.531645,127.946409
CBB,15.7,0.531778,127.946587
CBB,15.725,0.531972,127.946703
CBB,15.75,0.532167,127.946815
CBB,15.775,0.532358,127.946935
CBB,15.8,0.532445,127.947137
CBB,15.825,0.53239,127.947353
CBB,15.85,0.53232,127.947567
CBB,15.875,0.532345,127.947785
CBB,15.9,0.532517,127.947922
CBB,15.925,0.532732,127.947989
CBB,15.95,0.532942,127.948073
CBB,15.975,0.533142,127.948177
CBB,16.0,0.533342,127.948283
CBB,16.025,0.533533,127.948402
CBB,16.05,0.533678,127.948574
CBB,16.075,0.533799,127.948763
CBB,16.1,0.533903,127.948962
CBB,16.125,0.533982,127.949173
CBB,16.15,0.534046,127.949388
CBB,16.175,0.534136,127.949594
CBB,16.2,0.534237,127.949795
CBB,16.225,0.534347,127.949991
CBB,16.25,0.534463,127.950184
CBB,16.275,0.534579,127.950377
CBB,16.3,0.534694,127.95057
CBB,16.325,0.534801,127.950768
CBB,16.35,0.5349,127.95097
CBB,16.375,0.53499,127.951176
CBB,16.4,0.535072,127.951386
CBB,16.425,0.535145,127.951598
CBB,16.45,0.535208,127.951814
CBB,16.475,0.535266,127.952031
CBB,16.5,0.535323,127.952249
CBB,16.525,0.53538,127.952466
CBB,16.55,0.535433,127.952684
CBB,16.575,0.535479,127.952904
CBB,16.6,0.535517,127.953126
CBB,16.625,0.535548,127.953348
CBB,16.65,0.535574,127.953571
CBB,16.675,0.5356,127.953794
CBB,16.7,0.535654,127.954011
CBB,16.725,0.535788,127.95419
CBB,16.75,0.535948,127.954349
CBB,16.775,0.536107,127.954508
CBB,16.8,0.536257,127.954676
CBB,16.825,0.536378,127.954866
CBB,16.85,0.536465,127.955073
CBB,16.875,0.536495,127.955293
CBB,16.9,0.536375,127.955476
CBB,16.925,0.536159,127.955529
CBB,16.95,0.53595,127.955607
CBB,16.975,0.535813,127.955783
CBB,17.0,0.535688,127.955967
CBB,17.025,0.535475,127.956022
CBB,17.05,0.535256,127.955966
CBB,17.075,0.535037,127.955908
CBB,17.1,0.534819,127.955851
CBB,17.125,0.534598,127.955861
CBBB,14.7,0.526815,127.93945
CBBB,14.725,0.526564,127.93941
CBBB,14.75,0.526355,127.939366
CBBB,14.775,0.526156,127.939289
CBBB,14.8,0.525973,127.93918
CBBB,14.825,0.525795,127.939042
CBBB,14.85,0.525603,127.938912
CBBB,14.875,0.525401,127.938799
CBBB,14.9,0.52519,127.938702
CBBB,14.925,0.524972,127.938623
CBBB,14.95,0.524748,127.938563
CBBB,14.975,0.524519,127.938521
CBBB,15.0,0.524288,127.9385
CBBB,15.025,0.524048,127.938519
CBBB,15.05,0.523823,127.93857
CBBB,15.075,0.523593,127.9386
CBBB,15.1,0.523368,127.938658
CBBB,15.125,0.523148,127.93873
CBBB,15.15,0.522935,127.938883
CBBB,15.175,0.522731,127.938988
CBBB,15.2,0.522531,127.939094
CBBB,15.225,0.522333,127.939202
CBBB,15.25,0.522135,127.93931
CBBB,15.275,0.521937,127.939419
CBBB,15.3,0.521739,127.939527
CBBB,15.325,0.521541,127.939636
CBBB,15.35,0.521342,127.939744
CBBB,15.375,0.521144,127.939852
CBBB,15.4,0.520926,127.939993
CBBB,15.425,0.520761,127.940231
CBBB,15.45,0.520563,127.94034
CBBB,15.475,0.520365,127.940448
CBBB,15.5,0.520168,127.940558
CBBB,15.525,0.519971,127.940658
CBBB,15.55,0.519768,127.940741
CBBB,15.575,0.519558,127.940807
CBBB,15.6,0.51934,127.940861
CBBB,15.625,0.519113,127.940888
CBBB,15.65,0.518893,127.94085
CBBB,15.675,0.518675,127.940799
CBBB,15.7,0.518447,127.940771
CBBB,15.725,0.518227,127.940741
CBBB,15.75,0.517994,127.940713
CBBB,15.775,0.517769,127.9407
CBBB,15.8,0.517539,127.940692
CBBB,15.825,0.517311,127.940698
CBBB,15.85,0.517078,127.94068
CBBB,15.875,0.516868,127.940609
CBBB,15.9,0.516651,127.940543
CBBB,15.925,0.516415,127.94051
CBBB,15.95,0.5162,127.940497
CBBB,15.975,0.515975,127.940494
CBBB,16.0,0.51574,127.940497
CBBB,16.025,0.515517,127.940522
CBBB,16.05,0.51531,127.940596
CBBB,16.075,0.515123,127.940728
CBBB,16.1,0.514959,127.940873
CBBB,16.125,0.514844,127.941082
CBBB,16.15,0.51478,127.9413
CBBB,16.175,0.514724,127.941516
CBBB,16.2,0.514683,127.941725
CBBB,16.225,0.51468,127.941964
CBBB,16.25,0.514726,127.942183
CBBB,16.275,0.514816,127.942386
CBBB,16.3,0.51488,127.942604
CBBB,16.325,0.514913,127.942826
CBBB,16.35,0.514893,127.943047
CBBB,16.375,0.514889,127.943265
CBBB,16.4,0.514871,127.943497
CBBB,16.425,0.514809,127.943716
CBBB,16.45,0.514771,127.943936
CBBB,16.475,0.514768,127.944161
CBBB,16.5,0.514827,127.944375
CBBB,16.525,0.514961,127.944551
CBBB,16.55,0.515167,127.944653
CBBB,16.575,0.515387,127.944693
CBBB,16.6,0.515611,127.944696
CBBB,16.625,0.515838,127.944659
CBBB,16.65,0.516037,127.944563
CBBB,16.675,0.516205,127.944421
CBBB,16.7,0.516376,127.944266
CBBB,16.725,0.516548,127.944118
CBBB,16.75,0.516753,127.944016
CBBB,16.775,0.516974,127.944006
CBBB,16.8,0.517154,127.944158
CRD,0.0,0.483028,127.986312
CRD,0.025,0.483032,127.986088
CRD,0.05,0.483037,127.985863
CRD,0.075,0.483041,127.985638
CRD,0.1,0.483046,127.985414
CRD,0.125,0.48305,127.985189
CRD,0.15,0.483054,127.984965
CRD,0.175,0.483059,127.98474
CRD,0.2,0.483063,127.984515
CRD,0.225,0.483069,127.984291
CRD,0.25,0.483094,127.984068
CRD,0.275,0.483142,127.983848
CRD,0.3,0.483212,127.983635
CRD,0.325,0.483304,127.98343
CRD,0.35,0.483403,127.983227
CRD,0.375,0.483501,127.983025
CRD,0.4,0.483612,127.982829
CRD,0.425,0.483727,127.982636
CRD,0.45,0.483831,127.982437
CRD,0.475,0.483899,127.982223
CRD,0.5,0.483925,127.982
CRD,0.525,0.483909,127.981776
CRD,0.55,0.483862,127.981557
CRD,0.575,0.483814,127.981337
CRD,0.6,0.483767,127.981117
CRD,0.625,0.483751,127.980894
CRD,0.65,0.48378,127.980671
CRD,0.675,0.483837,127.980454
CRD,0.7,0.483913,127.980243
CRD,0.725,0.484013,127.980041
CRD,0.75,0.484099,127.979834
CRD,0.775,0.484139,127.979613
CRD,0.8,0.484135,127.979389
CRD,0.825,0.484122,127.979165
CRD,0.85,0.48411,127.97894
CRD,0.875,0.484099,127.978716
CRD,0.9,0.48411,127.978492
CRD,0.925,0.484134,127.978268
CRD,0.95,0.484157,127.978045
CRD,0.975,0.484181,127.977821
CRD,1.0,0.484204,127.977598
CRD,1.025,0.484227,127.977375
CRD,1.05,0.484251,127.977151
CRD,1.075,0.484276,127.976928
CRD,1.1,0.484329,127.97671
CRD,1.125,0.48442,127.976504
CRD,1.15,0.484531,127.976309
CRD,1.175,0.48465,127.976118
CRD,1.2,0.484778,127.975932
CRD,1.225,0.484909,127.975749
CRD,1.25,0.484991,127.975541
CRD,1.275,0.485011,127.975318
CRD,1.3,0.485024,127.975093
CRD,1.325,0.485037,127.974869
CRD,1.35,0.485049,127.974645
CRD,1.375,0.48506,127.97442
CRD,1.4,0.485055,127.974196
CRD,1.425,0.485036,127.973972
CRD,1.45,0.485016,127.973748
CRD,1.475,0.484981,127.973527
CRD,1.5,0.484893,127.97332
CRD,1.525,0.484785,127.973123
CRD,1.55,0.484677,127.972925
CRD,1.575,0.48457,127.972728
CRD,1.6,0.484462,127.97253
CRD,1.625,0.484354,127.972333
CRD,1.65,0.484246,127.972135
CRD,1.675,0.484139,127.971938
CRD,1.7,0.484031,127.97174
CRD,1.725,0.483923,127.971543
CRD,1.75,0.483819,127.971343
CRD,1.775,0.483739,127.971133
CRD,1.8,0.483666,127.970921
CRD,1.825,0.483593,127.970708
CRD,1.85,0.48352,127.970496
CRD,1.875,0.483446,127.970283
CRD,1.9,0.483373,127.970071
CRD,1.925,0.483305,127.969856
CRD,1.95,0.483245,127.96964
CRD,1.975,0.483186,127.969423
CRD,2.0,0.483126,127.969206
CRD,2.025,0.483067,127.96899
CRD,2.45,0.483061,127.968764
CRD,2.475,0.482953,127.968542
CRD,2.5,0.482903,127.968323
CRD,2.525,0.482852,127.968104
CRD,2.55,0.482731,127.967915
CRD,2.575,0.482603,127.96773
CRD,2.6,0.482475,127.967545
CRD,2.625,0.48235,127.967357
CRD,2.65,0.482226,127.96717
CRD,2.675,0.482102,127.966982
CRD,2.7,0.481978,127.966794
CRD,2.725,0.481854,127.966606
CRD,2.75,0.481726,127.966421
CRD,2.775,0.481592,127.96624
CRD,2.8,0.481457,127.96606
CRD,2.825,0.481323,127.965879
CRD,2.85,0.481188,127.965698
CRD,2.875,0.481054,127.965518
CRD,2.9,0.480919,127.965337
CRD,2.925,0.480785,127.965157
CRD,2.95,0.48065,127.964976
CRD,2.975,0.480516,127.964796
CRD,3.0,0.480381,127.964615
CRD,3.025,0.480246,127.964434
CRD,3.05,0.480111,127.964255
CRD,3.075,0.479973,127.964077
CRD,3.1,0.479836,127.963898
CRD,3.125,0.479698,127.96372
CRD,3.15,0.47956,127.963542
CRD,3.175,0.479423,127.963363
CRD,3.2,0.479285,127.963185
CRD,3.225,0.479148,127.963007
CRD,3.25,0.47901,127.962829
CRD,3.275,0.478872,127.96265
CRD,3.3,0.478735,127.962472
CRD,3.325,0.478597,127.962294
CRD,3.35,0.478459,127.962116
CRD,3.375,0.478334,127.961929
CRD,3.4,0.478208,127.961742
CRD,3.425,0.478083,127.961555
CRD,3.45,0.477957,127.961368
CRD,3.475,0.477832,127.961182
CRD,3.5,0.477706,127.960995
CRD,3.525,0.477581,127.960808
CRD,3.55,0.477455,127.960621
CRD,3.575,0.47733,127.960434
CRD,3.6,0.477204,127.960247
CRD,3.625,0.477079,127.96006
CRD,3.65,0.476953,127.959873
CRD,3.675,0.476828,127.959687
CRD,3.7,0.476702,127.9595
CRD,3.725,0.476576,127.959313
CRD,3.75,0.47645,127.959126
CRD,3.775,0.476461,127.958915
CRD,3.8,0.476632,127.958769
CRD,3.825,0.476805,127.958624
CRD,3.85,0.476978,127.958479
CRD,3.875,0.477151,127.958335
CRD,3.9,0.477324,127.95819
CRD,3.925,0.477497,127.958046
CRD,3.95,0.47767,127.957901
CRD,3.975,0.477843,127.957756
CRD,4.0,0.478016,127.957612
CRD,4.025,0.478189,127.957467
CRD,4.05,0.478362,127.957322
CRD,4.075,0.478535,127.957178
CRD,4.1,0.478708,127.957033
CRD,4.125,0.478881,127.956888
CRD,4.15,0.479054,127.956744
CRD,4.175,0.479227,127.956599
CRD,4.2,0.4794,127.956454
CRD,4.225,0.479574,127.95631
CRD,4.25,0.479747,127.956165
CRD,4.275,0.47992,127.95602
CRD,4.3,0.480093,127.955876
CRD,4.325,0.480266,127.955731
CRD,4.35,0.480439,127.955587
CRD,4.375,0.480612,127.955442
CRD,4.4,0.480785,127.955297
CRD,4.425,0.480958,127.955153
CRD,4.45,0.481131,127.955008
CRD,4.475,0.481304,127.954863
CRD,4.5,0.481477,127.954719
CRD,4.525,0.48165,127.954574
CRD,4.55,0.481823,127.954429
CRD,4.575,0.481996,127.954285
CRD,4.6,0.482169,127.95414
CRD,4.625,0.482325,127.953981
CRD,4.65,0.482335,127.953758
CRD,4.675,0.482334,127.953533
CRD,4.7,0.482332,127.953308
CRD,4.725,0.48233,127.953084
CRD,4.75,0.482328,127.952859
CRD,4.775,0.482326,127.952634
CRD,4.8,0.482325,127.95241
CRD,4.825,0.482323,127.952185
CRD,4.85,0.482304,127.951962
CRD,4.875,0.482261,127.951742
CRD,4.9,0.482218,127.951521
CRD,4.925,0.482174,127.951301
CRD,4.95,0.48218,127.951077
CRD,4.975,0.482193,127.950852
CRD,5.0,0.482206,127.950628
CRD,5.025,0.482219,127.950404
CRD,5.05,0.482232,127.95018
CRD,5.075,0.482245,127.949955
CRD,5.1,0.482258,127.949731
CRD,5.125,0.482272,127.949507
CRD,5.5,0.482365,127.949115
CRD,5.525,0.482227,127.948927
CRD,5.55,0.482151,127.948715
CRD,5.575,0.482034,127.948523
CRD,5.6,0.481907,127.948337
CRD,5.625,0.481781,127.948151
CRD,5.65,0.48165,127.947968
CRD,5.675,0.481515,127.947787
CRD,5.7,0.481377,127.94761
CRD,5.725,0.481235,127.947435
CRD,5.75,0.481092,127.947261
CRD,5.775,0.480949,127.947087
CRD,5.8,0.480806,127.946913
CRD,5.825,0.480663,127.946738
CRD,5.85,0.48052,127.946564
CRD,5.875,0.480377,127.94639
CRD,5.9,0.480234,127.946216
CRD,5.925,0.480091,127.946042
CRD,5.95,0.479948,127.945868
CRD,5.975,0.479805,127.945694
CRD,6.0,0.479663,127.94552
CRD,6.025,0.47952,127.945346
CRD,6.05,0.479377,127.945172
CRD,6.075,0.479234,127.944998
CRD,6.1,0.479091,127.944824
CRD,6.125,0.478948,127.944649
CRD,6.15,0.478805,127.944475
CRD,6.175,0.478663,127.944301
CRD,6.2,0.478523,127.944124
CRD,6.225,0.478384,127.943947
CRD,6.25,0.478244,127.943771
CRD,6.275,0.478104,127.943594
CRD,6.3,0.477964,127.943417
CRD,6.325,0.477825,127.943241
CRD,6.35,0.477682,127.943067
CRD,6.375,0.477539,127.942893
CRD,6.4,0.477396,127.942719
CRD,6.425,0.477253,127.942545
CRD,6.45,0.47711,127.942371
CRD,6.475,0.476967,127.942197
CRD,6.5,0.476824,127.942023
CRD,6.525,0.476681,127.941848
CRD,6.55,0.476585,127.941646
CRD,6.575,0.476576,127.941423
CRD,6.6,0.476655,127.941214
CRD,6.625,0.476808,127.941051
CRD,6.65,0.476983,127.940909
CRD,6.675,0.477158,127.940766
CRD,6.7,0.477333,127.940624
CRD,6.725,0.477509,127.940482
CRD,6.75,0.477684,127.94034
CRD,6.775,0.477859,127.940198
CRD,6.8,0.478034,127.940056
CRD,6.825,0.478209,127.939914
CRD,6.85,0.478384,127.939772
CRD,6.875,0.47856,127.93963
CRD,6.9,0.478735,127.939488
CRD,6.925,0.47891,127.939346
CRD,6.95,0.479085,127.939204
CRD,6.975,0.479247,127.939047
CRD,7.0,0.479359,127.938853
CRD,7.025,0.479411,127.938635
CRD,7.05,0.479433,127.938412
CRD,7.075,0.479455,127.938188
CRD,7.1,0.479477,127.937964
CRD,7.125,0.479492,127.937761
CRD,7.8,0.479505,127.937651
CRD,7.825,0.47953,127.937435
CRD,7.85,0.479546,127.937211
CSW,4.025,0.49799,127.970592
CSW,4.05,0.498207,127.970531
CSW,4.075,0.498431,127.97048
CSW,4.1,0.498651,127.97043
CSW,4.125,0.498868,127.970401
CSW,4.15,0.499105,127.970439
CSW,4.175,0.499306,127.970547
CSW,4.2,0.499475,127.970718
CSW,4.225,0.499619,127.970871
CSW,4.25,0.499747,127.971052
CSW,4.275,0.499913,127.971204
CSW,4.3,0.500092,127.971343
CSW,4.325,0.500297,127.971448
CSW,4.35,0.500527,127.97148
CSW,4.375,0.50068,127.971324
CSW,4.4,0.500712,127.971096
CSW,4.425,0.500642,127.97088
CSW,4.45,0.500568,127.970671
CSW,4.475,0.500552,127.970439
CSW,4.5,0.500635,127.970236
CSW,4.525,0.500801,127.970074
CSW,4.55,0.50099,127.969953
CSW,4.575,0.501188,127.969839
CSW,4.6,0.501396,127.969759
CSW,4.625,0.501575,127.969601
CSW,4.65,0.501738,127.969452
CSW,4.675,0.50184,127.969258
CSW,4.7,0.501936,127.969052
CSW,4.725,0.501951,127.968826
CSW,4.75,0.502044,127.968617
CSW,4.775,0.502172,127.968449
CSW,4.8,0.502367,127.968322
CSW,4.825,0.502578,127.968366
CSW,4.85,0.502568,127.968594
CSW,4.875,0.50253,127.96881
CSW,4.9,0.502469,127.969023
CSW,4.925,0.502546,127.969251
CSW,4.95,0.502734,127.969369
CSW,4.975,0.502952,127.969331
CSW,5.0,0.503143,127.969216
CSW,5.025,0.50331,127.969055
CSW,5.05,0.50346,127.968886
CSW,5.075,0.503623,127.968728
CSW,5.1,0.503786,127.968569
CSW,5.125,0.50392,127.968388
CSW,5.15,0.504041,127.968204
CSW,5.175,0.504083,127.967982
CSW,5.2,0.504047,127.967759
CSW,5.225,0.503952,127.967556
CSW,5.25,0.503836,127.967363
CSW,5.275,0.503702,127.967188
CSW,5.3,0.503565,127.966991
CSW,5.325,0.503411,127.966826
CSW,5.35,0.503268,127.966655
CSW,5.375,0.503114,127.96649
CSW,5.4,0.502961,127.966319
CSW,5.425,0.502823,127.966141
CSW,5.45,0.502676,127.965963
CSW,5.475,0.502536,127.965789
CSW,5.5,0.502398,127.965614
CSW,5.525,0.502264,127.96543
CSW,5.55,0.502136,127.965249
CSW,5.575,0.501996,127.965071
CSW,5.6,0.501884,127.964875
CSW,5.625,0.501775,127.964678
CSW,5.65,0.501692,127.964465
CSW,5.675,0.501606,127.964265
HFC,5.525,0.482372,127.949115
HFC,5.55,0.482684,127.948916
HFC,5.575,0.482902,127.948827
HFC,5.6,0.483112,127.948763
HFC,5.625,0.483336,127.948719
HFC,5.65,0.483547,127.948662
HFC,5.675,0.483796,127.948681
HFC,5.7,0.483994,127.948776
HFC,5.725,0.484231,127.948795
HFC,5.75,0.48441,127.948649
HFC,5.775,0.484544,127.948478
HFC,5.8,0.484653,127.948268
HFC,5.825,0.484761,127.948078
HFC,5.85,0.48487,127.947874
HFC,5.875,0.484934,127.947659
HFC,5.9,0.485017,127.947449
HFC,5.925,0.485112,127.94724
HFC,5.95,0.485272,127.947068
HFC,5.975,0.485445,127.946922
HFC,6.0,0.485617,127.946789
HFC,6.025,0.485796,127.946656
HFC,6.05,0.485866,127.946427
HFC,6.075,0.485822,127.946205
HFC,6.1,0.485687,127.946014
HFC,6.125,0.485521,127.945887
HFC,6.15,0.485438,127.945684
HFC,6.175,0.485368,127.945462
HFC,6.2,0.485483,127.945265
HFC,6.225,0.485604,127.945081
HFC,6.25,0.485738,127.944884
HFC,6.275,0.485841,127.944681
HFC,6.3,0.485968,127.944516
HFC,6.325,0.486077,127.944307
HFC,6.35,0.486218,127.944129
HFC,6.375,0.48639,127.943977
HFC,6.4,0.486441,127.943761
HFC,6.425,0.48646,127.943539
KR,7.875,0.47953,127.936987
KR,7.9,0.47948,127.936768
KR,7.925,0.479421,127.936551
KR,7.95,0.479383,127.93633
KR,7.975,0.479378,127.936106
KR,8.0,0.479378,127.935881
KR,8.025,0.479378,127.935656
KR,8.05,0.479378,127.935432
KR,8.075,0.479377,127.935207
KR,8.1,0.479377,127.934983
KR,8.125,0.479357,127.934798
KR,8.15,0.479481,127.934518
KR,8.2,0.479674,127.934112
KR,8.25,0.479915,127.933734
KR,8.3,0.480335,127.933611
KR,8.35,0.480747,127.933793
KR,8.4,0.481152,127.933694
KR,8.45,0.481257,127.933262
KR,8.5,0.481433,127.932848
KR,8.55,0.481594,127.93243
KR,8.6,0.481564,127.931986
KR,8.65,0.48141,127.931564
KR,8.7,0.481188,127.931173
KR,8.75,0.480958,127.930786
KR,8.8,0.480706,127.930413
KR,8.85,0.480437,127.930052
KR,8.9,0.480168,127.929691
KR,8.95,0.479898,127.92933
KR,9.0,0.479667,127.928945
KR,9.05,0.479512,127.928523
KR,9.1,0.479371,127.928096
KR,9.15,0.479252,127.927664
KR,9.2,0.479306,127.927222
KR,9.25,0.479547,127.926846
KR,9.3,0.479928,127.92661
KR,9.35,0.480362,127.926485
KR,9.4,0.480796,127.926568
KR,9.45,0.481079,127.926912
KR,9.5,0.481329,127.927285
KR,9.55,0.481732,127.927466
KR,9.6,0.482149,127.927322
KR,9.65,0.482459,127.926995
KR,9.7,0.482861,127.926793
KR,9.75,0.483268,127.9266
KR,9.8,0.483528,127.92624
KR,9.85,0.483696,127.925823
KR,9.9,0.483854,127.925402
KR,9.95,0.483983,127.924972
KR,10.0,0.484082,127.924534
KR,10.05,0.484153,127.92409
KR,10.1,0.484235,127.923649
KR,10.15,0.484405,127.923233
KR,10.2,0.484633,127.922845
KR,10.25,0.484863,127.922458
KR,10.3,0.485092,127.922071
KR,10.35,0.485322,127.921684
KR,10.4,0.485469,127.921262
KR,10.45,0.485431,127.920818
KR,10.5,0.485215,127.920427
KR,10.55,0.484874,127.920133
KR,10.6,0.484541,127.91983
KR,10.65,0.48432,127.919441
KR,10.7,0.484168,127.919017
KR,10.75,0.484017,127.918594
KR,10.8,0.483865,127.918171
KR,10.85,0.483713,127.917748
KR,10.9,0.483562,127.917324
KR,10.95,0.48341,127.916901
KR,11.0,0.48326,127.916477
KR,11.05,0.483157,127.91604
KR,11.1,0.483125,127.915593
KR,11.15,0.483112,127.915144
KR,11.2,0.483213,127.914709
KR,11.25,0.483428,127.914314
KR,11.3,0.483645,127.91392
KR,11.35,0.483861,127.913525
KR,11.4,0.484004,127.9131
KR,11.45,0.484024,127.912652
KR,11.5,0.483929,127.912214
KR,11.55,0.484037,127.91182
KR,11.6,0.484476,127.911717
KR,11.65,0.484918,127.911624
KR,11.7,0.485358,127.911521
KR,11.75,0.485719,127.911258
KR,11.8,0.486038,127.910939
KR,11.85,0.48641,127.910685
KR,11.9,0.486814,127.910485
KR,11.95,0.487207,127.910262
KR,12.0,0.487583,127.910012
KR,12.05,0.487929,127.909723
KR,12.1,0.488259,127.909416
KR,12.15,0.488614,127.909141
KR,12.2,0.489047,127.909024
KR,12.25,0.489471,127.909157
KR,12.3,0.489862,127.909384
KR,12.35,0.490254,127.909607
KR,12.4,0.490696,127.909647
KR,12.45,0.491101,127.909449
KR,12.5,0.491484,127.909212
KR,12.55,0.491757,127.908857
KR,12.6,0.49199,127.908474
KR,12.65,0.492331,127.908179
KR,12.7,0.492684,127.907899
KR,12.75,0.493026,127.907605
KR,12.8,0.493348,127.90729
KR,12.85,0.49365,127.906955
KR,12.9,0.493947,127.906617
KR,12.95,0.494216,127.906257
KR,13.0,0.494292,127.905818
KR,13.05,0.494317,127.90537
KR,13.1,0.494602,127.90505
KR,13.15,0.495039,127.905118
KR,13.2,0.495445,127.905315
KR,13.25,0.495826,127.905558
KR,13.3,0.496206,127.905801
KR,13.35,0.496586,127.906045
KR,13.4,0.496966,127.906287
KR,13.45,0.497363,127.906503
KR,13.5,0.497779,127.90668
KR,13.55,0.49821,127.906815
KR,13.6,0.498652,127.906907
KR,13.65,0.499102,127.906956
KR,13.7,0.499554,127.906961
KR,13.75,0.500005,127.906935
KR,13.8,0.500457,127.906907
KR,13.85,0.500908,127.906877
KR,13.9,0.501358,127.906837
KR,13.95,0.501809,127.906796
KR,14.0,0.502259,127.906755
KR,14.05,0.502709,127.906714
KR,14.1,0.50316,127.906672
KR,14.15,0.503611,127.906636
KR,14.2,0.504062,127.906616
KR,14.25,0.504512,127.906574
KR,14.3,0.504963,127.906531
KR,14.35,0.505413,127.906489
KR,14.4,0.505863,127.906446
KR,14.45,0.506312,127.906389
KR,14.5,0.506733,127.906239
KR,14.55,0.507097,127.905972
KR,14.6,0.507456,127.9057
KR,14.65,0.507663,127.905309
KR,14.7,0.507713,127.904862
KR,14.75,0.507763,127.904416
KR,14.8,0.507919,127.903999
KR,14.85,0.508257,127.903707
KR,14.9,0.508654,127.903492
KR,14.95,0.509052,127.903278
KR,15.0,0.509449,127.903063
KR,15.05,0.509846,127.902848
KR,15.1,0.510235,127.902619
KR,15.15,0.510607,127.902363
KR,15.2,0.511017,127.902178
KR,15.25,0.51146,127.902088
KR,15.3,0.511912,127.902076
KR,15.35,0.512361,127.902126
KR,15.4,0.512811,127.902111
KR,15.45,0.513237,127.901963
KR,15.5,0.513654,127.901789
KR,15.55,0.514071,127.901616
KR,15.6,0.514489,127.901443
KR,15.65,0.514906,127.90127
KR,15.7,0.515316,127.90108
KR,15.75,0.515708,127.900856
KR,15.8,0.51608,127.900601
KR,15.85,0.516441,127.900331
KR,15.9,0.516803,127.900061
KR,15.95,0.517164,127.899791
KR,16.0,0.517526,127.899521
KR,16.05,0.517887,127.899251
KR,16.1,0.518249,127.898981
KR,16.15,0.51861,127.898711
KR,16.2,0.518974,127.898443
KR,16.25,0.519404,127.898324
KR,16.3,0.519856,127.898322
KR,16.35,0.520308,127.898321
KR,16.4,0.52076,127.89832
KR,16.45,0.521212,127.898312
KR,16.5,0.521663,127.898269
KR,16.55,0.522108,127.898189
KR,16.6,0.522548,127.898088
KR,16.65,0.522993,127.898012
KR,16.7,0.523445,127.898023
KR,16.75,0.523885,127.898122
KR,16.8,0.524317,127.898255
KR,16.85,0.524755,127.898367
KR,16.9,0.525199,127.898455
KR,16.95,0.525646,127.898518
KR,17.0,0.526095,127.898572
KR,17.05,0.526544,127.898626
KR,17.1,0.526994,127.898679
KR,17.15,0.527443,127.898733
KR,17.2,0.527892,127.898787
KR,17.25,0.52834,127.898843
KR,17.3,0.528772,127.898972
KR,17.35,0.529167,127.89919
KR,17.4,0.52956,127.899413
KR,17.45,0.529973,127.899597
KR,17.5,0.530392,127.899766
KR,17.55,0.530813,127.899928
KR,17.6,0.531254,127.900026
KR,17.65,0.531704,127.900072
KR,17.7,0.532155,127.900098
KR,17.75,0.532607,127.900125
KR,17.8,0.533051,127.900205
KR,17.85,0.533485,127.900331
KR,17.9,0.533923,127.900445
KR,17.95,0.534364,127.900544
KR,18.0,0.534807,127.900636
KR,18.05,0.535253,127.9006
KR,18.1,0.535674,127.900437
KR,18.15,0.536102,127.900292
KR,18.2,0.536552,127.900269
KR,18.25,0.536997,127.900347
KR,18.3,0.537441,127.90043
KR,18.35,0.537872,127.900565
KR,18.4,0.538295,127.900726
KR,18.45,0.538717,127.900887
KR,18.5,0.539139,127.901048
KR,18.55,0.539568,127.901188
KR,18.6,0.540015,127.901258
KR,18.65,0.540466,127.901253
KR,18.7,0.540912,127.901176
KR,18.75,0.541353,127.90108
KR,18.8,0.541801,127.901014
KR,18.85,0.542252,127.900985
KR,18.9,0.542704,127.900994
KR,18.95,0.543156,127.901019
KR,19.0,0.543607,127.901044
KR,19.05,0.544059,127.901062
KR,19.1,0.544511,127.901076
KR,19.15,0.544961,127.901118
KR,19.2,0.545409,127.901184
KR,19.25,0.545856,127.901253
KR,19.3,0.546302,127.901325
KR,19.35,0.546752,127.90136
KR,19.4,0.547204,127.901373
KR,19.45,0.547656,127.901401
KR,19.5,0.548107,127.901429
KR,19.55,0.548555,127.901488
KR,19.6,0.548993,127.901602
KR,19.65,0.549412,127.901769
KR,19.7,0.549804,127.901992
KR,19.75,0.550151,127.902278
KR,19.8,0.550389,127.902658
KR,19.85,0.55058,127.903065
KR,19.9,0.550792,127.903461
KR,19.95,0.551111,127.903777
KR,20.0,0.551506,127.903994
KR,20.05,0.551908,127.904201
KR,20.1,0.55232,127.904385
KR,20.15,0.552756,127.904501
KR,20.2,0.553206,127.904548
KR,20.25,0.553651,127.904623
KR,20.3,0.554072,127.904786
KR,20.35,0.554501,127.904926
KR,20.4,0.55495,127.904967
KR,20.45,0.555402,127.904959
KR,20.5,0.555839,127.905061
KR,20.55,0.556192,127.905337
KR,20.6,0.556502,127.905664
KR,20.65,0.556797,127.906005
KR,20.7,0.557119,127.90632
KR,20.75,0.557489,127.906577
KR,20.8,0.557897,127.90677
KR,20.85,0.558331,127.906893
KR,20.9,0.558774,127.906987
KR,20.95,0.559218,127.907068
KR,21.0,0.559665,127.907137
KR,21.05,0.560106,127.907235
KR,21.1,0.560522,127.90741
KR,21.15,0.560938,127.907587
KR,21.2,0.561372,127.90771
KR,21.25,0.56182,127.907775
KR,21.3,0.562272,127.907782
KR,21.35,0.562724,127.907772
KR,21.4,0.563176,127.907783
KR,21.45,0.563626,127.907822
KR,21.5,0.564076,127.907868
KR,21.55,0.564527,127.90786
KR,21.6,0.56497,127.907768
KR,21.65,0.565411,127.90767
KR,21.7,0.565853,127.907572
KR,21.75,0.566294,127.907473
KR,21.8,0.566716,127.907318
KR,21.85,0.567108,127.907093
KR,21.9,0.567516,127.906903
KR,21.95,0.567949,127.906772
KR,22.0,0.568395,127.906718
KR,22.05,0.568831,127.90683
KR,22.1,0.569253,127.906991
KR,22.15,0.569685,127.907124
KR,22.2,0.570133,127.907182
KR,22.25,0.570572,127.907281
KR,22.3,0.570961,127.907507
KR,22.35,0.571339,127.907755
KR,22.4,0.571753,127.907933
KR,22.45,0.572196,127.908021
KR,22.5,0.572647,127.90802
KR,22.55,0.57308,127.907895
KR,22.6,0.573503,127.907739
KR,22.65,0.573933,127.907837
KR,22.7,0.5742,127.908193
KR,22.75,0.574428,127.908581
KR,22.8,0.574801,127.908821
KR,22.85,0.575248,127.908799
KR,22.9,0.575692,127.908715
KR,22.95,0.576135,127.908754
KR,23.0,0.576489,127.90903
KR,23.05,0.576794,127.909361
KR,23.1,0.577084,127.909706
KR,23.15,0.577376,127.910049
KR,23.2,0.577671,127.91039
KR,23.25,0.577966,127.91073
KR,23.3,0.578261,127.911071
KR,23.35,0.578556,127.911411
KR,23.4,0.57893,127.911651
KR,23.45,0.579379,127.911649
KR,23.5,0.579828,127.911594
KR,23.55,0.580275,127.91153
KR,23.6,0.58072,127.911448
KR,23.65,0.581162,127.911356
KR,23.7,0.581608,127.911286
KR,23.75,0.582056,127.911339
KR,23.8,0.582467,127.911522
KR,23.85,0.58284,127.911776
KR,23.9,0.583213,127.91203
KR,23.95,0.583602,127.912257
KR,24.0,0.584041,127.91236
KR,24.05,0.584491,127.912407
KR,24.1,0.584943,127.912418
KR,24.15,0.585394,127.91239
KR,24.2,0.585842,127.912326
KR,24.25,0.586287,127.912248
KR,24.3,0.586735,127.912187
KR,24.35,0.587186,127.912159
KR,24.4,0.587638,127.912164
KR,24.45,0.588089,127.912202
KR,24.5,0.588537,127.912264
KR,24.55,0.588985,127.912327
KR,24.6,0.589424,127.912432
KR,24.65,0.589823,127.91264
KR,24.7,0.590174,127.912923
KR,24.75,0.590521,127.913211
KR,24.8,0.590892,127.913468
KR,24.85,0.591284,127.913691
KR,24.9,0.591678,127.913913
KR,24.95,0.592065,127.914144
KR,25.0,0.592448,127.914383
KR,25.05,0.592843,127.914603
KR,25.1,0.593244,127.91481
KR,25.15,0.593647,127.915014
KR,25.2,0.594062,127.915193
KR,25.25,0.594488,127.915342
KR,25.3,0.594924,127.91546
KR,25.35,0.595368,127.915547
KR,25.4,0.595817,127.915603
KR,25.45,0.596268,127.915635
KR,25.5,0.596719,127.915667
KR,25.55,0.597169,127.915711
KR,25.6,0.597611,127.915805
KR,25.65,0.598038,127.915951
KR,25.7,0.598445,127.916147
KR,25.75,0.598826,127.916388
KR,25.8,0.599186,127.91666
KR,25.85,0.599548,127.91693
KR,25.9,0.599921,127.917184
KR,25.95,0.600284,127.917452
KR,26.0,0.600645,127.917722
KR,26.05,0.601033,127.917952
KR,26.1,0.601439,127.91815
KR,26.15,0.601847,127.918345
KR,26.2,0.602255,127.918539
KR,26.25,0.602676,127.918699
KR,26.3,0.603108,127.918834
KR,26.35,0.60353,127.918994
KR,26.4,0.603952,127.919158
KR,26.45,0.604377,127.91931
KR,26.5,0.604803,127.919462
KR,26.55,0.605229,127.919613
KR,26.6,0.605655,127.919764
KR,26.65,0.606082,127.919912
KR,26.7,0.606512,127.92005
KR,26.75,0.606946,127.920178
KR,26.8,0.607382,127.920296
KR,26.85,0.607821,127.920405
KR,26.9,0.608262,127.920504
KR,26.95,0.608704,127.920599
KR,27.0,0.609146,127.920695
KR,27.05,0.609588,127.92079
KR,27.1,0.61003,127.920886
KR,27.15,0.610472,127.920982
KR,27.2,0.610914,127.921077
KR,27.25,0.611356,127.921173
KR,27.3,0.611797,127.921268
KR,27.35,0.612239,127.921364
KR,27.4,0.612672,127.921495
KR,27.45,0.613084,127.921678
KR,27.5,0.613472,127.92191
KR,27.55,0.613849,127.922157
KR,27.6,0.614223,127.92241
KR,27.65,0.614593,127.922668
KR,27.7,0.614961,127.92293
KR,27.75,0.615328,127.923192
KR,27.8,0.615695,127.923455
KR,27.85,0.616062,127.923718
KR,27.9,0.616425,127.923985
KR,27.95,0.616788,127.924253
KR,28.0,0.617165,127.924501
KR,28.05,0.617547,127.924741
KR,28.1,0.617908,127.925012
KR,28.15,0.618267,127.925285
KR,28.2,0.618626,127.925559
KR,28.25,0.618985,127.925832
KR,28.3,0.619343,127.926106
KR,28.35,0.619669,127.926418
KR,28.4,0.619956,127.926765
KR,28.45,0.620239,127.927115
KR,28.5,0.620523,127.927465
KR,28.55,0.620807,127.927814
KR,28.6,0.621091,127.928164
KR,28.65,0.621372,127.928516
KR,28.7,0.621651,127.92887
KR,28.75,0.621926,127.929226
KR,28.8,0.622199,127.929585
KR,28.85,0.622472,127.929943
KR,28.9,0.622744,127.930302
KR,28.95,0.623017,127.93066
KR,29.0,0.623292,127.931017
KR,29.05,0.623567,127.931374
KR,29.1,0.623843,127.931729
KR,29.15,0.624121,127.932084
KR,29.2,0.6244,127.932437
KR,29.25,0.62468,127.93279
KR,29.3,0.624961,127.933143
KR,29.35,0.625241,127.933495
KR,29.4,0.625522,127.933847
KR,29.45,0.625802,127.9342
KR,29.5,0.626083,127.934552
KR,29.55,0.626363,127.934905
KR,29.6,0.626644,127.935257
KR,29.65,0.626924,127.935609
KR,29.7,0.627205,127.935962
KR,29.75,0.627486,127.936314
KR,29.8,0.627766,127.936667
KR,29.85,0.628047,127.937019
KR,29.9,0.628327,127.937371
KR,29.95,0.628608,127.937724
KR,30.0,0.628888,127.938076
KR,30.05,0.629168,127.938429
KR,30.1,0.629447,127.938783
KR,30.15,0.629725,127.939137
KR,30.2,0.630003,127.939492
KR,30.25,0.63028,127.939847
KR,30.3,0.630558,127.940202
KR,30.35,0.630835,127.940557
KR,30.4,0.631112,127.940911
KR,30.45,0.63139,127.941266
KR,30.5,0.631669,127.94162
KR,30.55,0.631948,127.941973
KR,30.6,0.632229,127.942325
KR,30.65,0.632511,127.942676
KR,30.7,0.632794,127.943027
KR,30.75,0.633076,127.943378
KR,30.8,0.633359,127.943729
KR,30.85,0.633638,127.944082
KR,30.9,0.633914,127.944439
KR,30.95,0.634189,127.944795
KR,31.0,0.634466,127.94515
KR,31.05,0.634745,127.945504
KR,31.1,0.635025,127.945857
KR,31.15,0.635305,127.94621
KR,31.2,0.635584,127.946563
KR,31.25,0.635864,127.946916
KR,31.3,0.636144,127.947269
KR,31.35,0.636423,127.947622
KR,31.4,0.636703,127.947975
KR,31.45,0.636983,127.948328
KR,31.5,0.637263,127.948681
KR,31.55,0.637545,127.949033
KR,31.6,0.637826,127.949384
KR,31.65,0.638108,127.949736
KR,31.7,0.638388,127.950088
KR,31.75,0.638667,127.950442
KR,31.8,0.638945,127.950797
KR,31.85,0.639221,127.951152
KR,31.9,0.639497,127.951508
KR,31.95,0.639772,127.951865
KR,32.0,0.640045,127.952223
KR,32.05,0.640258,127.952619
KR,32.1,0.640409,127.953042
KR,32.15,0.640553,127.953468
KR,32.2,0.640686,127.953897
KR,32.25,0.640818,127.954327
KR,32.3,0.640955,127.954755
KR,32.35,0.64111,127.955177
KR,32.4,0.641259,127.955602
KR,32.45,0.641389,127.956032
KR,32.5,0.641509,127.956465
KR,32.55,0.641607,127.956904
KR,32.6,0.64168,127.957347
KR,32.65,0.641729,127.957794
KR,32.7,0.641755,127.958242
KR,32.75,0.641779,127.958691
KR,32.8,0.641797,127.95914
KR,32.85,0.641805,127.959589
KR,32.9,0.641803,127.960038
KR,32.95,0.641799,127.960487
KR,33.0,0.641796,127.960937
KR,33.05,0.641792,127.961386
KR,33.1,0.641788,127.961835
KR,33.15,0.641784,127.962284
KR,33.2,0.64179,127.962734
KR,33.25,0.641816,127.963182
KR,33.3,0.641863,127.963629
KR,33.35,0.64193,127.964073
KR,33.4,0.642013,127.964515
KR,33.45,0.642098,127.964956
KR,33.5,0.642183,127.965398
KR,33.55,0.642267,127.965839
KR,33.6,0.642352,127.96628
KR,33.65,0.642437,127.966722
KR,33.7,0.642522,127.967163
KR,33.75,0.642605,127.967604
KR,33.8,0.642686,127.968047
KR,33.85,0.642762,127.968489
KR,33.9,0.642835,127.968933
KR,33.95,0.642904,127.969377
KR,34.0,0.642971,127.969821
KR,34.05,0.643041,127.970265
KR,34.1,0.64314,127.970703
KR,34.15,0.643275,127.971132
KR,34.2,0.643426,127.971555
KR,34.25,0.643577,127.971979
KR,34.3,0.643729,127.972402
KR,34.35,0.643967,127.97277
KR,34.4,0.644398,127.972763
KR,34.45,0.644633,127.972391
KR,34.5,0.644796,127.971972
KR,34.55,0.645154,127.971724
KR,34.6,0.645582,127.971578
KR,34.65,0.645923,127.971289
KR,34.7,0.646273,127.971035
KR,34.75,0.646527,127.971343
KR,34.8,0.646318,127.97174
KR,34.85,0.646168,127.972152
KR,34.9,0.646493,127.972408
KR,34.95,0.646938,127.972329
KR,35.0,0.647383,127.972246
KR,35.05,0.647829,127.972195
KR,35.1,0.648138,127.972492
KR,35.15,0.648011,127.972901
KR,35.2,0.64772,127.973245
KR,35.25,0.647862,127.973618
KR,35.3,0.648292,127.973601
KR,35.35,0.648642,127.973316
KR,35.4,0.648991,127.973031
KR,35.45,0.649387,127.972816
KR,35.5,0.649828,127.972725
KR,35.55,0.65028,127.972743
KR,35.6,0.650731,127.972772
KR,35.65,0.651183,127.972778
KR,35.7,0.651621,127.972674
KR,35.75,0.652046,127.97252
KR,35.8,0.652482,127.972529
KR,35.85,0.652515,127.972924
KR,35.9,0.652206,127.973248
KR,35.95,0.652332,127.973649
KR,36.0,0.652553,127.974024
KR,36.05,0.652223,127.974247
KR,36.1,0.651775,127.974187
KR,36.15,0.651349,127.974303
KR,36.2,0.651113,127.974678
KR,36.25,0.650955,127.975098
KR,36.3,0.650923,127.975531
KR,36.35,0.65128,127.975777
KR,36.4,0.651714,127.975905
KR,36.45,0.652148,127.976032
KR,36.5,0.652592,127.976012
KR,36.55,0.652978,127.97578
KR,36.6,0.653349,127.975524
KR,36.65,0.653666,127.975205
KR,36.7,0.653954,127.97486
KR,36.725,0.654044,127.974689
KR,36.75,0.654226,127.974557
KR,36.775,0.654424,127.974448
KR,36.8,0.654634,127.974367
KR,36.825,0.654853,127.974308
KR,36.85,0.655072,127.974253
KR,36.875,0.655291,127.974197
KR,36.9,0.65551,127.974143
KR,36.925,0.65573,127.97409
KR,36.95,0.655951,127.974039
KR,36.975,0.656171,127.97399
KR,37.0,0.656394,127.973954
KR,37.025,0.65662,127.973935
KR,37.05,0.656845,127.973917
KR,37.075,0.657069,127.973943
KR,37.1,0.657267,127.974047
KR,37.125,0.657438,127.974195
KR,37.15,0.657608,127.974343
KR,37.175,0.657777,127.974492
KR,37.2,0.657947,127.97464
KR,37.225,0.658117,127.974788
KR,37.25,0.658288,127.974935
KR,37.275,0.658473,127.975065
KR,37.3,0.658671,127.975173
KR,37.325,0.658871,127.975278
KR,37.35,0.659072,127.975379
KR,37.375,0.659282,127.975465
KR,37.4,0.659498,127.975531
KR,37.425,0.659716,127.975589
KR,37.45,0.659935,127.975647
KR,37.475,0.660153,127.975705
KR,37.5,0.660372,127.975762
KR,37.525,0.66059,127.97582
KR,37.55,0.660809,127.975878
KR,37.575,0.661028,127.975933
KR,37.6,0.661248,127.975987
KR,37.625,0.661467,127.97604
KR,37.65,0.661687,127.976093
KR,37.675,0.661907,127.976146
KR,37.7,0.662127,127.976199
KR,37.725,0.662346,127.976252
KR,37.75,0.662566,127.976306
KR,37.775,0.662786,127.976359
KR,37.8,0.663003,127.976421
KR,37.825,0.663187,127.976549
KR,37.85,0.66331,127.976736
KR,37.875,0.663406,127.976939
KR,37.9,0.663547,127.977114
KR,37.925,0.663742,127.977225
KR,37.95,0.663953,127.977306
KR,37.975,0.664164,127.977386
KR,38.0,0.664378,127.977457
KR,38.025,0.6646,127.977501
KR,38.05,0.664822,127.977543
KR,38.075,0.665035,127.977619
KR,38.1,0.665243,127.977707
KR,38.125,0.665451,127.977795
KR,38.15,0.665662,127.977876
KR,38.175,0.665883,127.97792
KR,38.2,0.666109,127.977922
KR,38.225,0.666333,127.97789
KR,38.25,0.666557,127.977867
KR,38.275,0.666782,127.977891
KR,38.3,0.666996,127.977962
KR,38.325,0.6672,127.97806
KR,38.35,0.667403,127.978158
KR,38.375,0.667607,127.978256
KR,38.4,0.667804,127.978365
KR,38.425,0.667993,127.978489
KR,38.45,0.66817,127.978629
KR,38.475,0.668336,127.978781
KR,38.5,0.668489,127.978946
KR,38.525,0.668641,127.979113
KR,38.55,0.668793,127.979279
KR,38.575,0.668944,127.979446
KR,38.6,0.6691,127.979609
KR,38.625,0.669271,127.979755
KR,38.65,0.669447,127.979897
KR,38.675,0.669623,127.980038
KR,38.7,0.669799,127.980179
KR,38.725,0.669986,127.980305
KR,38.75,0.670195,127.980389
KR,38.775,0.670416,127.980435
KR,38.8,0.670638,127.980478
KR,38.825,0.67086,127.98052
KR,38.85,0.671083,127.980562
KR,38.875,0.671304,127.980606
KR,38.9,0.671525,127.980656
KR,38.925,0.671744,127.980712
KR,38.95,0.671961,127.980775
KR,38.975,0.672177,127.980843
TOFU,39.0,0.672392,127.980911
TOFU,39.025,0.672612,127.980929
TOFU,39.05,0.67277,127.980777
TOFU,39.075,0.672839,127.980564
TOFU,39.1,0.672912,127.980351
TOFU,39.125,0.673011,127.980149
TOFU,39.15,0.673136,127.979962
TOFU,39.175,0.673287,127.979795
TOFU,39.2,0.673459,127.97965
TOFU,39.225,0.673649,127.979528
TOFU,39.25,0.673861,127.979452
TOFU,39.275,0.674086,127.979441
TOFU,39.3,0.674313,127.979447
TOFU,39.325,0.674539,127.979445
TOFU,39.35,0.674763,127.979426
TOFU,39.375,0.674939,127.979292
TOFU,39.4,0.674994,127.979078
TOFU,39.425,0.674957,127.978857
TOFU,39.45,0.674979,127.978634
TOFU,39.475,0.675061,127.978425
TOFU,39.5,0.675193,127.978245
TOFU,39.525,0.675384,127.978127
TOFU,39.55,0.675606,127.978087
TOFU,39.575,0.675832,127.978073
TOFU,39.6,0.676057,127.978059
TOFU,39.625,0.676283,127.978046
TOFU,39.65,0.676509,127.978055
TOFU,39.675,0.676731,127.978094
TOFU,39.7,0.676946,127.978164
TOFU,39.725,0.677149,127.978263
TOFU,39.75,0.677345,127.978374
TOFU,39.775,0.677548,127.978473
TOFU,39.8,0.677771,127.978474
TOFU,39.825,0.677966,127.978364
TOFU,39.85,0.678135,127.978215
TOFU,39.875,0.678341,127.978129
TOFU,39.9,0.678565,127.978149
TOFU,39.925,0.678754,127.978269
TOFU,39.95,0.678933,127.978405
TOFU,39.975,0.67915,127.978462
TOFU,40.0,0.679369,127.978417
TOFU,40.025,0.679573,127.978319
TOFU,40.05,0.679766,127.978204
TOFU,40.075,0.679936,127.978057
TOFU,40.1,0.680026,127.977853
TOFU,40.125,0.68,127.977633
TOFU,40.15,0.679865,127.977455
TOFU,40.175,0.679661,127.977361
TOFU,40.2,0.679448,127.977288
TOFU,40.225,0.679234,127.977215
TOFU,40.25,0.67902,127.977141
TOFU,40.275,0.678806,127.977068
TOFU,40.3,0.678601,127.976976
TOFU,40.325,0.678438,127.976822
TOFU,40.35,0.678338,127.976621
TOFU,40.375,0.678313,127.976399
TOFU,40.4,0.678366,127.976182
TOFU,40.425,0.678491,127.975996
TOFU,40.45,0.678673,127.975864
TOFU,40.475,0.678889,127.975801
TOFU,40.5,0.679113,127.975769
TOFU,40.525,0.679336,127.975735
TOFU,40.55,0.679559,127.975697
TOFU,40.575,0.679781,127.975655
TOFU,40.6,0.680005,127.975669
TOFU,40.625,0.680201,127.975778
TOFU,40.65,0.680335,127.975957
TOFU,40.675,0.680453,127.976149
TOFU,40.7,0.680636,127.976269
TOFU,40.725,0.680856,127.976229
TOFU,40.75,0.681071,127.976159
TOFU,40.775,0.681288,127.976096
TOFU,40.8,0.681509,127.976047
TOFU,40.825,0.681732,127.976013
TOFU,40.85,0.681957,127.975996
TOFU,40.875,0.68218,127.976028
TOFU,40.9,0.682398,127.97609
TOFU,40.925,0.682614,127.976155
TOFU,40.95,0.682832,127.976215
TOFU,40.975,0.683054,127.976255
TOFU,41.0,0.683279,127.976282
TOFU,41.025,0.683503,127.976309
TOFU,41.05,0.683728,127.976336
TOFU,41.075,0.683953,127.976363
TOFU,41.1,0.684164,127.976436
TOFU,41.125,0.684314,127.976601
TOFU,41.15,0.684367,127.976817
TOFU,41.175,0.684356,127.977041
TOFU,41.2,0.684371,127.977263
TOFU,41.225,0.684517,127.977428
TOFU,41.25,0.684737,127.977456
TOFU,41.275,0.684932,127.977347
TOFU,41.3,0.685141,127.977266
TOFU,41.325,0.685365,127.977284
TOFU,41.35,0.685559,127.977396
TOFU,41.375,0.685732,127.977541
TOFU,41.4,0.685905,127.977686
TOFU,41.425,0.686088,127.977816
TOFU,41.45,0.68631,127.977826
TOFU,41.475,0.686492,127.9777
TOFU,41.5,0.686597,127.977501
TOFU,41.525,0.686698,127.9773
TOFU,41.55,0.686791,127.977096
TOFU,41.575,0.686821,127.976874
TOFU,41.6,0.686776,127.976655
TOFU,41.625,0.686734,127.976438
TOFU,41.65,0.686861,127.97626
TOFU,41.675,0.68708,127.976221
TOFU,41.7,0.687306,127.97622
TOFU,41.725,0.687531,127.976207
TOFU,41.75,0.687755,127.976172
TOFU,41.775,0.687974,127.976116
TOFU,41.8,0.688197,127.976122
TOFU,41.825,0.688387,127.976239
TOFU,41.85,0.688554,127.97639
TOFU,41.875,0.688737,127.976522
TOFU,41.9,0.688935,127.97663
TOFU,41.925,0.68914,127.976726
TOFU,41.95,0.689347,127.976816
TOFU,41.975,0.689567,127.976866
TOFU,42.0,0.689792,127.97687
TOFU,42.025,0.690016,127.976835
TOFU,42.05,0.690239,127.976797
TOFU,42.075,0.690451,127.976727
TOFU,42.1,0.690576,127.976545
TOFU,42.125,0.690638,127.976329
TOFU,42.15,0.690701,127.976113
TOFU,42.175,0.690764,127.975897
TOFU,42.2,0.690923,127.975747
TOFU,42.225,0.691142,127.975769
TOFU,42.25,0.691316,127.975912
TOFU,42.275,0.691489,127.976057
TOFU,42.3,0.691661,127.976202
TOFU,42.325,0.69183,127.976352
TOFU,42.35,0.69198,127.97652
TOFU,42.375,0.692106,127.976706
TOFU,42.4,0.692207,127.976907
TOFU,42.425,0.692281,127.977119
TOFU,42.45,0.692343,127.977335
TOFU,42.475,0.692455,127.977527
TOFU,42.5,0.692652,127.977632
TOFU,42.525,0.692866,127.977704
TOFU,42.55,0.693065,127.977805
TOFU,42.575,0.693174,127.977998
TOFU,42.6,0.693221,127.978218
TOFU,42.625,0.693269,127.978438
TOFU,42.65,0.693344,127.978649
TOFU,42.675,0.693436,127.978855
TOFU,42.7,0.693528,127.97906
TOFU,42.725,0.693609,127.979269
TOFU,42.75,0.693657,127.979489
TOFU,42.775,0.693697,127.979709
TOFU,42.8,0.693769,127.979922
TOFU,42.825,0.693873,127.980122
TOFU,42.85,0.694005,127.980304
TOFU,42.875,0.694162,127.980466
TOFU,42.9,0.694313,127.980632
TOFU,42.925,0.694446,127.980814
TOFU,42.95,0.694559,127.981009
TOFU,42.975,0.694652,127.981213
TOFU,43.0,0.694744,127.981418
TOFU,43.025,0.694857,127.981613
TOFU,43.05,0.694992,127.981793
TOFU,43.075,0.69515,127.981954
TOFU,43.1,0.695323,127.982098
TOFU,43.125,0.695472,127.982264
TOFU,43.15,0.695522,127.982481
TOFU,43.175,0.695469,127.982699
TOFU,43.2,0.695403,127.982913
TOFU,43.225,0.695327,127.983125
TOFU,43.25,0.695168,127.98328
TOFU,43.275,0.69495,127.98333
TOFU,43.3,0.694726,127.983303
TOFU,43.325,0.694502,127.983274
TOFU,43.35,0.694277,127.983245
TOFU,43.375,0.694054,127.983208
TOFU,43.4,0.693832,127.983167
TOFU,43.425,0.69361,127.983126
TOFU,43.45,0.693386,127.983105
TOFU,43.475,0.693207,127.983232
TOFU,43.5,0.693178,127.983448
TOFU,43.525,0.69332,127.983616
TOFU,43.55,0.69352,127.98372
TOFU,43.575,0.69372,127.983825
TOFU,43.6,0.693899,127.983959
TOFU,43.625,0.694013,127.984152
TOFU,43.65,0.694114,127.984353
TOFU,43.675,0.694211,127.984556
TOFU,43.7,0.694233,127.984778
TOFU,43.725,0.694156,127.984988
TOFU,43.75,0.694016,127.985164
TOFU,43.775,0.69387,127.985335
TOFU,43.8,0.693708,127.985492
TOFU,43.825,0.693532,127.985632
TOFU,43.85,0.693344,127.985757
TOFU,43.875,0.693202,127.985927
TOFU,43.9,0.69316,127.986145
TOFU,43.925,0.693277,127.98633
TOFU,43.95,0.693492,127.986395
TOFU,43.975,0.693714,127.986437
TOFU,44.0,0.693939,127.98645
TOFU,44.025,0.694165,127.986456
TOFU,44.05,0.694391,127.986455
TOFU,44.075,0.694616,127.986428
TOFU,44.1,0.694839,127.98639
TOFU,44.125,0.695062,127.986409
TOFU,44.15,0.695246,127.986534
TOFU,44.175,0.695369,127.986722
TOFU,44.2,0.695486,127.986914
TOFU,44.225,0.695605,127.987106
TOFU,44.25,0.695778,127.987246
TOFU,44.275,0.696,127.987273
TOFU,44.3,0.696223,127.98724
TOFU,44.325,0.696448,127.987244
TOFU,44.35,0.696657,127.987327
TOFU,44.375,0.696825,127.987476
TOFU,44.4,0.697006,127.987609
TOFU,44.425,0.697219,127.987681
TOFU,44.45,0.697442,127.987717
TOFU,44.475,0.697652,127.987801
TOFU,44.5,0.697831,127.987938
TOFU,44.525,0.697996,127.98809
TOFU,44.55,0.698166,127.988239
TOFU,44.575,0.698345,127.988376
TOFU,44.6,0.698526,127.988511
TOFU,44.625,0.698706,127.988646
TOFU,44.65,0.698887,127.988782
TOFU,44.675,0.699067,127.988917
TOFU,44.7,0.699248,127.989052
TOFU,44.725,0.699427,127.989189
TOFU,44.75,0.699558,127.98937
TOFU,44.775,0.699601,127.989589
TOFU,44.8,0.699586,127.989813
TOFU,44.825,0.699572,127.990037
TOFU,44.85,0.699572,127.990262
TOFU,44.875,0.699618,127.990481
TOFU,44.9,0.699707,127.990688
TOFU,44.925,0.699835,127.990872
TOFU,44.95,0.699977,127.991046
TOFU,44.975,0.70007,127.99125
TOFU,45.0,0.700124,127.991469
TOFU,45.025,0.70021,127.991675
TOFU,45.05,0.700364,127.991839
TOFU,45.075,0.700542,127.991977
TOFU,45.1,0.70072,127.992115
TOFU,45.125,0.700887,127.992266
TOFU,45.15,0.701011,127.992453
TOFU,45.175,0.701093,127.992662
TOFU,45.2,0.701173,127.992873
TOFU,45.225,0.701252,127.993083
TOFU,45.25,0.701344,127.993288
TOFU,45.275,0.701458,127.993482
TOFU,45.3,0.701573,127.993676
TOFU,45.325,0.701632,127.993892
TOFU,45.35,0.701675,127.994112
TOFU,45.375,0.701734,127.994329
TOFU,45.4,0.701836,127.994529
TOFU,45.425,0.701972,127.994708
TOFU,45.45,0.70211,127.994886
TOFU,45.475,0.702251,127.995061
TOFU,45.5,0.702403,127.995228
TOFU,45.525,0.702565,127.995385
TOFU,45.55,0.702733,127.995534
TOFU,45.575,0.702902,127.995684
TOFU,45.6,0.703071,127.995833
TOFU,45.625,0.703212,127.996006
TOFU,45.65,0.703259,127.996224
TOFU,45.675,0.703202,127.996439
TOFU,45.7,0.703052,127.996605
TOFU,45.725,0.702865,127.996731
TOFU,45.75,0.702689,127.99687
TOFU,45.775,0.702652,127.997084
TOFU,45.8,0.702795,127.997248
TOFU,45.825,0.703013,127.997309
TOFU,45.85,0.703231,127.997366
TOFU,45.875,0.70345,127.997424
TOFU,45.9,0.703669,127.997482
TOFU,45.925,0.703884,127.997548
TOFU,45.95,0.704068,127.997677
TOFU,45.975,0.704195,127.997862
TOFU,46.0,0.704304,127.998059
TOFU,46.025,0.704412,127.998256
TOFU,46.05,0.704504,127.998461
TOFU,46.075,0.704551,127.99868
TOFU,46.1,0.704577,127.998903
TOFU,46.125,0.704603,127.999126
TOFU,46.15,0.704628,127.99935
TOFU,46.175,0.704654,127.999573
TOFU,46.2,0.704679,127.999796
TOFU,46.225,0.704711,128.000018
TOFU,46.25,0.704758,128.000238
TOFU,46.275,0.70482,128.000454
TOFU,46.3,0.704896,128.000665
TOFU,46.325,0.704988,128.000871
TOFU,46.35,0.705085,128.001074
TOFU,46.375,0.705183,128.001276
TOFU,46.4,0.70528,128.001479
TOFU,46.425,0.705377,128.001682
TOFU,46.45,0.705473,128.001885
TOFU,46.475,0.705564,128.002091
TOFU,46.5,0.705648,128.0023
TOFU,46.525,0.705728,128.00251
TOFU,46.55,0.705809,128.00272
TOFU,46.575,0.705896,128.002927
TOFU,46.6,0.705998,128.003127
TOFU,46.625,0.706116,128.003319
TOFU,46.65,0.706246,128.003502
TOFU,46.675,0.70638,128.003684
TOFU,46.7,0.706454,128.003893
TOFU,46.725,0.706413,128.004112
TOFU,46.75,0.70629,128.0043
TOFU,46.775,0.706165,128.004487
TOFU,46.8,0.706091,128.004693
TOFU,46.825,0.706208,128.004876
TOFU,46.85,0.706428,128.004901
TOFU,46.875,0.706652,128.004909
TOFU,46.9,0.706842,128.005025
TOFU,46.925,0.706945,128.005223
TOFU,46.95,0.706966,128.005446
TOFU,46.975,0.706985,128.00567
TOFU,47.0,0.70701,128.005893
TOFU,47.025,0.707055,128.006113
TOFU,47.05,0.70711,128.006331
TOFU,47.075,0.70718,128.006545
TOFU,47.1,0.707274,128.006749
TOFU,47.125,0.707391,128.006941
TOFU,47.15,0.707513,128.00713
TOFU,47.175,0.707636,128.007319
TOFU,47.2,0.707753,128.007511
TOFU,47.225,0.707838,128.007719
TOFU,47.25,0.707902,128.007934
TOFU,47.275,0.707978,128.008145
TOFU,47.3,0.708106,128.00833
TOFU,47.325,0.708258,128.008496
TOFU,47.35,0.708416,128.008657
TOFU,47.375,0.708594,128.008795
TOFU,47.4,0.708781,128.008921
TOFU,47.425,0.708967,128.009049
TOFU,47.45,0.709137,128.009197
TOFU,47.475,0.709283,128.009368
TOFU,47.5,0.709418,128.009548
TOFU,47.525,0.709553,128.009729
TOFU,47.55,0.709688,128.009909
TOFU,47.575,0.709822,128.010089
TOFU,47.6,0.709936,128.010283
TOFU,47.625,0.709976,128.010503
TOFU,47.65,0.709938,128.010723
TOFU,47.675,0.709866,128.010936
TOFU,47.7,0.709746,128.011126
TOFU,47.725,0.709618,128.011311
TOFU,47.75,0.709521,128.011513
TOFU,47.775,0.709461,128.01173
TOFU,47.8,0.709425,128.011952
TOFU,47.825,0.709391,128.012174
TOFU,47.85,0.709338,128.012392
TOFU,47.875,0.709239,128.012593
TOFU,47.9,0.709098,128.012768
TOFU,47.925,0.708921,128.012908
TOFU,47.95,0.708719,128.013006
TOFU,47.975,0.708506,128.013083
TOFU,48.0,0.708293,128.01316
TOFU,48.025,0.708086,128.013247
TOFU,48.05,0.70794,128.013415
TOFU,48.075,0.707905,128.013634
TOFU,48.1,0.707991,128.013839
TOFU,48.125,0.708135,128.014012
TOFU,48.15,0.708336,128.014109
TOFU,48.175,0.70856,128.014103
TOFU,48.2,0.708757,128.013997
TOFU,48.225,0.708955,128.013894
TOFU,48.25,0.709179,128.013899
TOFU,48.275,0.709383,128.013995
TOFU,48.3,0.709583,128.0141
TOFU,48.325,0.70979,128.014187
TOFU,48.35,0.71001,128.014155
TOFU,48.375,0.710188,128.014017
TOFU,48.4,0.710357,128.013868
TOFU,48.425,0.71053,128.013725
TOFU,48.45,0.710727,128.013615
TOFU,48.475,0.710941,128.013542
TOFU,48.5,0.711158,128.013479
TOFU,48.525,0.71138,128.01344
TOFU,48.55,0.711606,128.013453
TOFU,48.575,0.71183,128.013481
TOFU,48.6,0.712055,128.013509
TOFU,48.625,0.712271,128.013571
TOFU,48.65,0.712465,128.013685
TOFU,48.675,0.712625,128.013843
TOFU,48.7,0.712755,128.014027
TOFU,48.725,0.712883,128.014212
TOFU,48.75,0.713012,128.014396
TOFU,48.775,0.713141,128.014581
TOFU,48.8,0.71327,128.014765
TOFU,48.825,0.713414,128.014938
TOFU,48.85,0.713583,128.015088
TOFU,48.875,0.713771,128.015213
TOFU,48.9,0.713961,128.015335
TOFU,48.925,0.714151,128.015457
TOFU,48.95,0.714337,128.015584
TOFU,48.975,0.714504,128.015736
TOFU,49.0,0.714645,128.01591
TOFU,49.025,0.714762,128.016103
TOFU,49.05,0.714873,128.016298
TOFU,49.075,0.714899,128.016518
TOFU,49.1,0.714809,128.016723
TOFU,49.125,0.714625,128.016846
TOFU,49.15,0.714401,128.016878
TOFU,49.175,0.714177,128.016907
TOFU,49.2,0.713953,128.016936
TOFU,49.225,0.713729,128.016966
TOFU,49.25,0.713539,128.01708
TOFU,49.275,0.713423,128.017273
TOFU,49.3,0.713308,128.017466
TOFU,49.325,0.713194,128.01766
TOFU,49.35,0.7131,128.017863
TOFU,49.375,0.713128,128.018082
TOFU,49.4,0.71328,128.018244
TOFU,49.425,0.713495,128.018308
TOFU,49.45,0.713716,128.018359
TOFU,49.475,0.713937,128.018403
TOFU,49.5,0.714161,128.018436
TOFU,49.525,0.714386,128.018458
TOFU,49.55,0.714612,128.018476
TOFU,49.575,0.714836,128.018499
TOFU,49.6,0.715061,128.018528
TOFU,49.625,0.715286,128.018551
TOFU,49.65,0.715512,128.018549
TOFU,49.675,0.715735,128.018518
TOFU,49.7,0.715954,128.01846
TOFU,49.725,0.716163,128.018375
TOFU,49.75,0.716368,128.01828
TOFU,49.775,0.716576,128.018194
TOFU,49.8,0.716801,128.018184
TOFU,49.825,0.71701,128.018264
TOFU,49.85,0.71717,128.018421
TOFU,49.875,0.717275,128.01862
TOFU,49.9,0.717377,128.01882
TOFU,49.925,0.717479,128.019021
TOFU,49.95,0.717581,128.019221
TOFU,49.975,0.717691,128.019417
TOFU,50.0,0.717843,128.019582
TOFU,50.025,0.718032,128.019705
TOFU,50.05,0.718246,128.019776
TOFU,50.075,0.718471,128.019791
TOFU,50.1,0.718697,128.019777
TOFU,50.125,0.718923,128.019762
TOFU,50.15,0.719148,128.019748
TOFU,50.175,0.719374,128.019734
TOFU,50.2,0.7196,128.019725
TOFU,50.225,0.719794,128.019829
TOFU,50.25,0.719865,128.020037
TOFU,50.275,0.719788,128.020246
TOFU,50.3,0.719685,128.020447
TOFU,50.325,0.719583,128.020647
TOFU,50.35,0.719481,128.020847
TOFU,50.375,0.719412,128.02106
TOFU,50.4,0.719431,128.021282
TOFU,50.425,0.719537,128.021479
TOFU,50.45,0.719712,128.021619
TOFU,50.475,0.719919,128.02171
TOFU,50.5,0.720126,128.021799
TOFU,50.525,0.720334,128.021889
TOFU,50.55,0.720537,128.021986
TOFU,50.575,0.720726,128.022109
TOFU,50.6,0.720896,128.022258
TOFU,50.625,0.721058,128.022413
TOFU,50.65,0.721244,128.022541
TOFU,50.675,0.72137,128.022723
TOFU,50.7,0.721354,128.022943
TOFU,50.725,0.721234,128.023133
TOFU,50.75,0.721153,128.023339
TOFU,50.775,0.721205,128.023556
TOFU,50.8,0.721283,128.023767
TOFU,50.825,0.721361,128.023978
TOFU,50.85,0.72144,128.024189
TOFU,50.875,0.721518,128.024399
TOFU,50.9,0.721619,128.0246
TOFU,50.925,0.721763,128.024772
TOFU,50.95,0.721925,128.024929
TOFU,50.975,0.722087,128.025086
TOFU,51.0,0.722249,128.025243
TOFU,51.025,0.72241,128.0254
TOFU,51.05,0.722572,128.025557
TOFU,51.075,0.722749,128.025693
TOFU,51.1,0.722974,128.025703
TOFU,51.125,0.7232,128.025694
TOFU,51.15,0.723426,128.025687
TOFU,51.175,0.72365,128.02571
TOFU,51.2,0.723867,128.025772
TOFU,51.225,0.724069,128.025872
TOFU,51.25,0.72425,128.026007
TOFU,51.275,0.724421,128.026154
TOFU,51.3,0.724595,128.026297
TOFU,51.325,0.724802,128.026386
TOFU,51.35,0.725026,128.02641
TOFU,51.375,0.725252,128.026424
TOFU,51.4,0.725474,128.026465
TOFU,51.425,0.725686,128.026542
TOFU,51.45,0.725885,128.026648
TOFU,51.475,0.726082,128.026759
TOFU,51.5,0.726279,128.02687
TOFU,51.525,0.726476,128.026981
TOFU,51.55,0.726672,128.027092
TOFU,51.575,0.726862,128.027213
TOFU,51.6,0.727021,128.027373
TOFU,51.625,0.727139,128.027564
TOFU,51.65,0.727241,128.027764
TOFU,51.675,0.727355,128.027958
TOFU,51.7,0.727514,128.028117
TOFU,51.725,0.727708,128.02823
TOFU,51.75,0.72792,128.02831
TOFU,51.775,0.728135,128.028377
TOFU,51.8,0.728358,128.028352
TOFU,51.825,0.728543,128.028228
TOFU,51.85,0.728649,128.028032
TOFU,51.875,0.728717,128.027818
TOFU,51.9,0.728872,128.027659
TOFU,51.925,0.729087,128.027597
TOFU,51.95,0.729308,128.027639
TOFU,51.975,0.729526,128.0277
TOFU,52.0,0.729723,128.027808
TOFU,52.025,0.729875,128.027973
TOFU,52.05,0.729971,128.028176
TOFU,52.075,0.729996,128.028396
TOFU,52.1,0.729892,128.028591
TOFU,52.125,0.729708,128.028721
TOFU,52.15,0.72954,128.02887
TOFU,52.175,0.729441,128.029071
TOFU,52.2,0.729383,128.029288
TOFU,52.225,0.729325,128.029505
TOFU,52.25,0.729267,128.029722
TOFU,52.275,0.729247,128.029943
TOFU,52.3,0.729361,128.030133
TOFU,52.325,0.729566,128.030217
TOFU,52.35,0.729792,128.030199
TOFU,52.375,0.730017,128.030179
TOFU,52.4,0.730241,128.030202
TOFU,52.425,0.73045,128.030287
TOFU,52.45,0.730626,128.030427
TOFU,52.475,0.730755,128.03061
TOFU,52.5,0.730849,128.030814
TOFU,52.525,0.730944,128.031018
TOFU,52.55,0.731047,128.031218
TOFU,52.575,0.73116,128.031413
TOFU,52.6,0.731285,128.0316
TOFU,52.625,0.731455,128.031746
TOFU,52.65,0.731662,128.031834
TOFU,52.675,0.731887,128.031854
TOFU,52.7,0.732106,128.031805
TOFU,52.725,0.732312,128.03171
TOFU,52.75,0.732516,128.031615
TOFU,52.775,0.732721,128.031519
TOFU,52.8,0.732926,128.031424
TOFU,52.825,0.733148,128.031391
TOFU,52.85,0.733363,128.031453
TOFU,52.875,0.733552,128.031577
TOFU,52.9,0.733739,128.031704
TOFU,52.925,0.733902,128.031858
TOFU,52.95,0.734027,128.032045
TOFU,52.975,0.734107,128.032255
TOFU,53.0,0.734213,128.03245
TOFU,53.025,0.734401,128.032571
TOFU,53.05,0.734624,128.032607
TOFU,53.075,0.734848,128.032634
TOFU,53.1,0.735072,128.032667
TOFU,53.125,0.735292,128.032717
TOFU,53.15,0.735513,128.032767
TOFU,53.175,0.735737,128.032789
TOFU,53.2,0.735964,128.032791
TOFU,53.225,0.736181,128.032848
TOFU,53.25,0.736389,128.032935
TOFU,53.275,0.736591,128.033036
TOFU,53.3,0.736739,128.033204
TOFU,53.325,0.736891,128.033369
TOFU,53.35,0.737094,128.033468
TOFU,53.375,0.737284,128.033589
TOFU,53.4,0.737444,128.033747
TOFU,53.425,0.737598,128.03391
TOFU,53.45,0.737799,128.034012
TOFU,53.475,0.73801,128.034089
TOFU,53.5,0.738234,128.034072
TOFU,53.525,0.738426,128.033956
TOFU,53.55,0.738566,128.033782
TOFU,53.575,0.738621,128.033566
TOFU,53.6,0.738602,128.033342
TOFU,53.625,0.73858,128.033119
TOFU,53.65,0.738557,128.032895
TOFU,53.675,0.738534,128.032672
TOFU,53.7,0.738506,128.032449
TOFU,53.725,0.738456,128.03223
TOFU,53.75,0.738383,128.032017
TOFU,53.775,0.738302,128.031808
TOFU,53.8,0.738203,128.031607
TOFU,53.825,0.738037,128.031456
TOFU,53.85,0.737851,128.031328
TOFU,53.875,0.737678,128.031184
TOFU,53.9,0.737558,128.030995
TOFU,53.925,0.737503,128.030778
TOFU,53.95,0.737489,128.030554
TOFU,53.975,0.737469,128.03033
TOFU,54.0,0.737444,128.030107
TOFU,54.025,0.737536,128.029914
TOFU,54.05,0.737756,128.029887
TOFU,54.075,0.737968,128.029962
TOFU,54.1,0.738147,128.030098
TOFU,54.125,0.738325,128.030237
TOFU,54.15,0.738504,128.030375
TOFU,54.175,0.738693,128.030497
TOFU,54.2,0.738891,128.030606
TOFU,54.225,0.739089,128.030714
TOFU,54.25,0.739287,128.030822
TOFU,54.275,0.739484,128.030934
TOFU,54.3,0.739663,128.031071
TOFU,54.325,0.739828,128.031224
TOFU,54.35,0.739994,128.031376
TOFU,54.375,0.740189,128.031489
TOFU,54.4,0.74041,128.031532
TOFU,54.425,0.740635,128.031549
TOFU,54.45,0.740832,128.03145
TOFU,54.475,0.740923,128.031247
TOFU,54.5,0.741041,128.03106
TOFU,54.525,0.741257,128.031017
TOFU,54.55,0.741453,128.031126
TOFU,54.575,0.74164,128.031251
TOFU,54.6,0.741845,128.031339
TOFU,54.625,0.742059,128.031281
TOFU,54.65,0.742189,128.031102
TOFU,54.675,0.742281,128.030896
TOFU,54.7,0.7424,128.030706
TOFU,54.725,0.742552,128.03054
TOFU,54.75,0.742707,128.030376
TOFU,54.775,0.742834,128.030191
TOFU,54.8,0.742931,128.029988
TOFU,54.825,0.743021,128.029782
TOFU,54.85,0.743111,128.029576
TOFU,54.875,0.743181,128.029362
TOFU,54.9,0.743241,128.029146
TOFU,54.925,0.743402,128.028998
TOFU,54.95,0.743619,128.029024
TOFU,54.975,0.743752,128.029202
TOFU,55.0,0.743852,128.029403
TOFU,55.025,0.743952,128.029604
TOFU,55.05,0.744052,128.029806
TOFU,55.075,0.744153,128.030007
TOFU,55.1,0.744253,128.030209
TOFU,55.125,0.744353,128.03041
TOFU,55.15,0.744453,128.030611
TOFU,55.175,0.744553,128.030813
TOFU,55.2,0.744658,128.031012
TOFU,55.225,0.744782,128.0312
TOFU,55.25,0.744913,128.031383
TOFU,55.275,0.745045,128.031566
TOFU,55.3,0.745183,128.031743
TOFU,55.325,0.745333,128.031911
TOFU,55.35,0.745514,128.032045
TOFU,55.375,0.745724,128.032126
TOFU,55.4,0.74593,128.032219
TOFU,55.425,0.746123,128.032336
TOFU,55.45,0.746306,128.032468
TOFU,55.475,0.746504,128.032577
TOFU,55.5,0.746713,128.032663
TOFU,55.525,0.746919,128.032755
TOFU,55.55,0.747115,128.032867
TOFU,55.575,0.74731,128.03298
TOFU,55.6,0.747505,128.033094
TOFU,55.625,0.747685,128.033229
TOFU,55.65,0.747819,128.033408
TOFU,55.675,0.747852,128.033628
TOFU,55.7,0.747827,128.033851
TOFU,55.725,0.747931,128.034043
TOFU,55.75,0.748111,128.034179
TOFU,55.775,0.748291,128.034314
TOFU,55.8,0.748472,128.03445
TOFU,55.825,0.748652,128.034586
TOFU,55.85,0.748832,128.034721
TOFU,55.875,0.748963,128.034902
TOFU,55.9,0.748993,128.035122
TOFU,55.925,0.748932,128.035338
TOFU,55.95,0.74897,128.035551
TOFU,55.975,0.749165,128.035649
TOFU,56.0,0.749386,128.035604
TOFU,56.025,0.749607,128.035553
TOFU,56.05,0.749827,128.035502
TOFU,56.075,0.750047,128.035451
TOFU,56.1,0.750267,128.035399
TOFU,56.125,0.750487,128.035348
TOFU,56.15,0.750693,128.035261
TOFU,56.175,0.75083,128.035083
TOFU,56.2,0.750969,128.034907
TOFU,56.225,0.751156,128.034782
TOFU,56.25,0.751373,128.034725
TOFU,56.275,0.751599,128.034736
TOFU,56.3,0.751824,128.034758
TOFU,56.325,0.752045,128.034715
TOFU,56.35,0.752267,128.034673
TOFU,56.375,0.752492,128.034661
TOFU,56.4,0.752718,128.034678
TOFU,56.425,0.752943,128.034699
TOFU,56.45,0.753167,128.03473
TOFU,56.475,0.753385,128.03479
TOFU,56.5,0.753594,128.034874
TOFU,56.525,0.753803,128.03496
TOFU,56.55,0.754012,128.035047
TOFU,56.575,0.754221,128.035132
TOFU,56.6,0.754432,128.035213
TOFU,56.625,0.754644,128.035291
TOFU,56.65,0.754857,128.035367
TOFU,56.675,0.755058,128.03547
TOFU,56.7,0.755243,128.035598
TOFU,56.725,0.755435,128.035717
TOFU,56.75,0.755635,128.035821
TOFU,56.775,0.755807,128.035966
TOFU,56.8,0.755968,128.036124
TOFU,56.825,0.756135,128.036275
TOFU,56.85,0.756353,128.036294
TOFU,56.875,0.756537,128.036166
TOFU,56.9,0.756711,128.036022
TOFU,56.925,0.756884,128.035878
TOFU,56.95,0.757048,128.035723
TOFU,56.975,0.757143,128.035521
TOFU,57.0,0.757202,128.035304
TOFU,57.025,0.757262,128.035088
TOFU,57.05,0.757353,128.034884
TOFU,57.075,0.757526,128.034742
TOFU,57.1,0.757744,128.034691
TOFU,57.125,0.757965,128.034736
TOFU,57.15,0.758177,128.034813
TOFU,57.175,0.758361,128.034941
TOFU,57.2,0.758507,128.035112
TOFU,57.225,0.758644,128.035292
TOFU,57.25,0.75878,128.035471
TOFU,57.275,0.758917,128.035649
TOFU,57.3,0.759063,128.035821
TOFU,57.325,0.759223,128.03598
TOFU,57.35,0.759395,128.036125
TOFU,57.375,0.759579,128.036255
TOFU,57.4,0.759774,128.03637
TOFU,57.425,0.759977,128.036468
TOFU,57.45,0.760187,128.036551
TOFU,57.475,0.760402,128.036623
TOFU,57.5,0.760619,128.036685
TOFU,57.525,0.760839,128.036735
TOFU,57.55,0.761061,128.036781
TOFU,57.575,0.761282,128.036825
TOFU,57.6,0.761505,128.036863
TOFU,57.625,0.761729,128.036894
TOFU,57.65,0.761954,128.03692
TOFU,57.675,0.762179,128.036939
TOFU,57.7,0.762405,128.036952
TOFU,57.725,0.762631,128.036965
TOFU,57.75,0.762857,128.036978
TOFU,57.775,0.763083,128.036984
TOFU,57.8,0.763307,128.036955
TOFU,57.825,0.763523,128.03689
TOFU,57.85,0.763726,128.036793
TOFU,57.875,0.763879,128.036629
TOFU,57.9,0.763988,128.036432
TOFU,57.925,0.764076,128.036226
TOFU,57.95,0.764141,128.036011
TOFU,57.975,0.764193,128.035792
TOFU,58.0,0.764244,128.035573
TOFU,58.025,0.764319,128.035363
TOFU,58.05,0.764502,128.035238
TOFU,58.075,0.764725,128.035203
TOFU,58.1,0.764949,128.03517
TOFU,58.125,0.765171,128.035192
TOFU,58.15,0.765342,128.035334
TOFU,58.175,0.765432,128.035539
TOFU,58.2,0.76552,128.035746
TOFU,58.225,0.765617,128.035949
TOFU,58.25,0.765715,128.036151
TOFU,58.275,0.765814,128.036354
TOFU,58.3,0.765916,128.036554
TOFU,58.325,0.766041,128.036741
TOFU,58.35,0.766189,128.036911
TOFU,58.375,0.766357,128.03706
TOFU,58.4,0.766544,128.037187
TOFU,58.425,0.766753,128.037268
TOFU,58.45,0.766963,128.037201
TOFU,58.475,0.767075,128.037011
TOFU,58.5,0.767053,128.036789
TOFU,58.525,0.766979,128.036577
TOFU,58.55,0.766863,128.036385
TOFU,58.575,0.766725,128.036207
TOFU,58.6,0.766587,128.036029
TOFU,58.625,0.766449,128.035851
TOFU,58.65,0.766311,128.035673
TOFU,58.675,0.766223,128.03547
TOFU,58.7,0.766273,128.035255
TOFU,58.725,0.766426,128.03509
TOFU,58.75,0.766605,128.034954
TOFU,58.775,0.76682,128.03489
TOFU,58.8,0.767046,128.034883
TOFU,58.825,0.767272,128.034878
TOFU,58.85,0.767498,128.034874
TOFU,58.875,0.767724,128.034868
TOFU,58.9,0.76795,128.034849
TOFU,58.925,0.768172,128.034811
TOFU,58.95,0.768396,128.034788
TOFU,58.975,0.768611,128.034853
TOFU,59.0,0.768784,128.034997
TOFU,59.025,0.768938,128.035161
TOFU,59.05,0.769071,128.035342
TOFU,59.075,0.769181,128.035538
TOFU,59.1,0.769287,128.035737
TOFU,59.125,0.769393,128.035935
TOFU,59.15,0.769499,128.036134
TOFU,59.175,0.769629,128.036316
TOFU,59.2,0.76983,128.036414
TOFU,59.225,0.770043,128.036489
TOFU,59.25,0.770261,128.036549
TOFU,59.275,0.770486,128.036564
TOFU,59.3,0.770712,128.036567
TOFU,59.325,0.770915,128.036659
TOFU,59.35,0.771092,128.0368
TOFU,59.375,0.771268,128.036941
TOFU,59.4,0.771445,128.037081
TOFU,59.425,0.771624,128.037217
TOFU,59.45,0.771806,128.037351
TOFU,59.475,0.77199,128.037481
TOFU,59.5,0.772183,128.037598
TOFU,59.525,0.772385,128.037699
TOFU,59.55,0.772592,128.03779
TOFU,59.575,0.7728,128.037879
TOFU,59.6,0.77301,128.037961
TOFU,59.625,0.773225,128.038031
TOFU,59.65,0.773447,128.038065
TOFU,59.675,0.773656,128.037985
TOFU,59.7,0.773849,128.037869
TOFU,59.725,0.774043,128.037753
TOFU,59.75,0.77426,128.037696
TOFU,59.775,0.774479,128.037743
TOFU,59.8,0.774687,128.03783
TOFU,59.825,0.774906,128.037883
TOFU,59.85,0.775127,128.037844
TOFU,59.875,0.775322,128.037732
TOFU,59.9,0.775514,128.037612
TOFU,59.925,0.775705,128.037493
TOFU,59.95,0.775895,128.037371
TOFU,59.975,0.77605,128.037209
TOFU,60.0,0.776143,128.037005
TOFU,60.025,0.776203,128.036788
TOFU,60.05,0.776316,128.036598
TOFU,60.075,0.77651,128.036482
TOFU,60.1,0.77671,128.036377
TOFU,60.125,0.776904,128.036264
TOFU,60.15,0.777066,128.036107
TOFU,60.175,0.777224,128.035946
TOFU,60.2,0.777381,128.035785
TOFU,60.225,0.777557,128.035644
TOFU,60.25,0.777761,128.03555
TOFU,60.275,0.777979,128.035583
TOFU,60.3,0.778114,128.035758
TOFU,60.325,0.778163,128.035976
TOFU,60.35,0.778174,128.0362
TOFU,60.375,0.778185,128.036425
TOFU,60.4,0.778195,128.036649
TOFU,60.425,0.778206,128.036874
TOFU,60.45,0.778258,128.03709
TOFU,60.475,0.77841,128.037253
TOFU,60.5,0.778623,128.037319
TOFU,60.525,0.778842,128.03727
TOFU,60.55,0.779012,128.037125
TOFU,60.575,0.779167,128.036961
TOFU,60.6,0.779322,128.036797
TOFU,60.625,0.779476,128.036633
TOFU,60.65,0.779612,128.036456
TOFU,60.675,0.779617,128.036235
TOFU,60.7,0.779501,128.036044
TOFU,60.725,0.779419,128.035839
TOFU,60.75,0.779483,128.035625
TOFU,60.775,0.779615,128.035444
TOFU,60.8,0.779769,128.03528
TOFU,60.825,0.779968,128.035181
TOFU,60.85,0.780193,128.035197
TOFU,60.875,0.780413,128.035247
TOFU,60.9,0.780627,128.03532
TOFU,60.925,0.78084,128.035395
TOFU,60.95,0.781061,128.035442
TOFU,60.975,0.781285,128.035432
TOFU,61.0,0.781473,128.035312
TOFU,61.025,0.781632,128.035152
TOFU,61.05,0.781793,128.034994
TOFU,61.075,0.781967,128.03485
TOFU,61.1,0.782155,128.034726
TOFU,61.125,0.782366,128.034647
TOFU,61.15,0.782582,128.03458
TOFU,61.175,0.782737,128.034428
TOFU,61.2,0.782746,128.034205
TOFU,61.225,0.782729,128.033981
TOFU,61.25,0.782712,128.033757
TOFU,61.275,0.782784,128.033548
TOFU,61.3,0.782968,128.033423
TOFU,61.325,0.78318,128.033346
TOFU,61.35,0.783375,128.033234
TOFU,61.375,0.783532,128.033073
TOFU,61.4,0.783644,128.032878
TOFU,61.425,0.783745,128.032677
TOFU,61.45,0.78382,128.032466
TOFU,61.475,0.783837,128.032242
TOFU,61.5,0.783792,128.032023
TOFU,61.525,0.783684,128.031827
TOFU,61.55,0.783565,128.031636
TOFU,61.575,0.783446,128.031444
TOFU,61.6,0.783352,128.03124
TOFU,61.625,0.783279,128.031028
TOFU,61.65,0.783244,128.030806
TOFU,61.675,0.783256,128.030582
TOFU,61.7,0.783309,128.030364
TOFU,61.725,0.783436,128.030181
TOFU,61.75,0.783637,128.030084
TOFU,61.775,0.783862,128.030086
TOFU,61.8,0.784088,128.0301
TOFU,61.825,0.784312,128.030079
TOFU,61.85,0.784528,128.030012
TOFU,61.875,0.784725,128.029902
TOFU,61.9,0.78491,128.029773
TOFU,61.925,0.785103,128.029657
TOFU,61.95,0.785318,128.029587
TOFU,61.975,0.785527,128.029502
TOFU,62.0,0.785731,128.029405
TOFU,62.025,0.785873,128.029235
TOFU,62.05,0.785881,128.029015
TOFU,62.075,0.785752,128.028835
TOFU,62.1,0.785542,128.028757
TOFU,62.125,0.785323,128.028701
TOFU,62.15,0.785104,128.028644
TOFU,62.175,0.784888,128.02858
TOFU,62.2,0.784723,128.028431
TOFU,62.225,0.784665,128.028217
TOFU,62.25,0.78473,128.028004
TOFU,62.275,0.784835,128.027805
TOFU,62.3,0.784939,128.027605
TOFU,62.325,0.785044,128.027406
TOFU,62.35,0.785145,128.027206
TOFU,62.375,0.785219,128.026994
TOFU,62.4,0.785257,128.026772
TOFU,62.425,0.785282,128.026549
TOFU,62.45,0.785303,128.026325
TOFU,62.475,0.785322,128.026102
TOFU,62.5,0.785369,128.025882
TOFU,62.525,0.785424,128.025664
TOFU,62.55,0.785511,128.025458
TOFU,62.575,0.785665,128.025295
TOFU,62.6,0.785854,128.025172
TOFU,62.625,0.786064,128.025089
TOFU,62.65,0.786283,128.025034
TOFU,62.675,0.786502,128.024979
TOFU,62.7,0.786722,128.024924
TOFU,62.725,0.786942,128.024876
TOFU,62.75,0.787167,128.024846
TOFU,62.775,0.787392,128.024829
TOFU,62.8,0.787617,128.024847
TOFU,62.825,0.787836,128.024901
TOFU,62.85,0.788055,128.02496
TOFU,62.875,0.78827,128.025028
TOFU,62.9,0.788485,128.025097
TOFU,62.925,0.7887,128.025168
TOFU,62.95,0.788907,128.025258
TOFU,62.975,0.7891,128.025375
TOFU,63.0,0.789282,128.025508
TOFU,63.025,0.789465,128.025641
TOFU,63.05,0.789674,128.025722
TOFU,63.075,0.789898,128.025711
TOFU,63.1,0.790111,128.025635
TOFU,63.125,0.790323,128.025556
TOFU,63.15,0.790534,128.025477
TOFU,63.175,0.790745,128.025397
TOFU,63.2,0.790956,128.025315
TOFU,63.225,0.791166,128.025233
TOFU,63.25,0.791376,128.025149
TOFU,63.275,0.791586,128.025064
TOFU,63.3,0.791794,128.024977
TOFU,63.325,0.792,128.024884
TOFU,63.35,0.792202,128.024784
TOFU,63.375,0.792404,128.024682
TOFU,63.4,0.792605,128.02458
TOFU,63.425,0.792799,128.024464
TOFU,63.45,0.79299,128.024343
TOFU,63.475,0.793197,128.024253
TOFU,63.5,0.793409,128.024175
TOFU,63.525,0.793608,128.024069
TOFU,63.55,0.793781,128.023925
TOFU,63.575,0.793923,128.023751
TOFU,63.6,0.794059,128.023571
TOFU,63.625,0.794194,128.023391
TOFU,63.65,0.794331,128.023212
TOFU,63.675,0.794493,128.023056
TOFU,63.7,0.794684,128.022937
TOFU,63.725,0.794896,128.022861
TOFU,63.75,0.79512,128.022832
TOFU,63.775,0.795346,128.022828
TOFU,63.8,0.795572,128.022814
TOFU,63.825,0.795776,128.022722
TOFU,63.85,0.795927,128.022556
TOFU,63.875,0.796025,128.022354
TOFU,63.9,0.796075,128.022135
TOFU,63.925,0.796117,128.021915
TOFU,63.95,0.796171,128.021697
TOFU,63.975,0.796279,128.0215
TOFU,64.0,0.796437,128.02134
TOFU,64.025,0.796633,128.021229
TOFU,64.05,0.79685,128.021169
TOFU,64.075,0.79707,128.021116
TOFU,64.1,0.79729,128.021062
TOFU,64.125,0.797508,128.021005
TOFU,64.15,0.797713,128.02091
TOFU,64.175,0.797893,128.020776
TOFU,64.2,0.798048,128.020611
TOFU,64.225,0.798185,128.020433
TOFU,64.25,0.798294,128.020237
TOFU,64.275,0.798372,128.020026
TOFU,64.3,0.798417,128.019806
TOFU,64.325,0.798436,128.019582
TOFU,64.35,0.798449,128.019358
TOFU,64.375,0.798443,128.019134
TOFU,64.4,0.798419,128.01891
TOFU,64.425,0.798388,128.018688
TOFU,64.45,0.798356,128.018465
TOFU,64.475,0.798308,128.018246
TOFU,64.5,0.798225,128.018038
TOFU,64.525,0.798114,128.017842
TOFU,64.55,0.798,128.017648
TOFU,64.575,0.797886,128.017453
TOFU,64.6,0.797779,128.017256
TOFU,64.625,0.797712,128.017042
TOFU,64.65,0.79769,128.016819
TOFU,64.675,0.797715,128.016596
TOFU,64.7,0.797786,128.016383
TOFU,64.725,0.797873,128.016176
TOFU,64.75,0.79796,128.015968
TOFU,64.775,0.798,128.015748
TOFU,64.8,0.797962,128.015528
TOFU,64.825,0.797851,128.015333
TOFU,64.85,0.79768,128.015188
TOFU,64.875,0.797489,128.015068
TOFU,64.9,0.797296,128.014951
TOFU,64.925,0.7971,128.014839
TOFU,64.95,0.7969,128.014735
TOFU,64.975,0.7967,128.014629
TOFU,65.0,0.79655,128.014464
TOFU,65.025,0.796496,128.014248
TOFU,65.05,0.796551,128.014032
TOFU,65.075,0.796687,128.013855
TOFU,65.1,0.796885,128.013751
TOFU,65.125,0.797109,128.013746
TOFU,65.15,0.797333,128.013781
TOFU,65.175,0.797558,128.013806
TOFU,65.2,0.797783,128.013818
TOFU,65.225,0.798009,128.013826
TOFU,65.25,0.798235,128.013835
TOFU,65.275,0.798461,128.013843
TOFU,65.3,0.798687,128.013859
TOFU,65.325,0.798908,128.013905
TOFU,65.35,0.799121,128.01398
TOFU,65.375,0.799322,128.014082
TOFU,65.4,0.799508,128.014211
TOFU,65.425,0.799674,128.014362
TOFU,65.45,0.799819,128.014535
TOFU,65.475,0.799938,128.014725
TOFU,65.5,0.800046,128.014923
TOFU,65.525,0.800154,128.01512
TOFU,65.55,0.800262,128.015318
TOFU,65.575,0.80037,128.015515
TOFU,65.6,0.800478,128.015713
TOFU,65.625,0.800607,128.015896
TOFU,65.65,0.800782,128.016037
TOFU,65.675,0.800989,128.016126
TOFU,65.7,0.801213,128.016154
TOFU,65.725,0.801436,128.01612
TOFU,65.75,0.801646,128.016039
TOFU,65.775,0.801856,128.015954
TOFU,65.8,0.802065,128.015869
TOFU,65.825,0.802279,128.015799
TOFU,65.85,0.802502,128.015821
TOFU,65.875,0.802702,128.015926
TOFU,65.9,0.802897,128.016039
TOFU,65.925,0.803096,128.016146
TOFU,65.95,0.803311,128.016213
TOFU,65.975,0.803535,128.016245
TOFU,66.0,0.803759,128.016275
TOFU,66.025,0.803976,128.016339
TOFU,66.05,0.804174,128.016446
TOFU,66.075,0.804359,128.016575
TOFU,66.1,0.804548,128.016698
TOFU,66.125,0.804744,128.016811
TOFU,66.15,0.804946,128.016912
TOFU,66.175,0.805153,128.017002
TOFU,66.2,0.805363,128.017084
TOFU,66.225,0.805574,128.017166
TOFU,66.25,0.805784,128.017249
TOFU,66.275,0.805995,128.017331
TOFU,66.3,0.806205,128.017413
TOFU,66.325,0.806416,128.017495
TOFU,66.35,0.806626,128.017577
TOFU,66.375,0.806822,128.017689
TOFU,66.4,0.806978,128.01785
TOFU,66.425,0.807085,128.018048
TOFU,66.45,0.807133,128.018267
TOFU,66.475,0.807118,128.01849
TOFU,66.5,0.807048,128.018704
TOFU,66.525,0.806976,128.018916
TOFU,66.55,0.80699,128.019138
TOFU,66.575,0.807099,128.019334
TOFU,66.6,0.807162,128.019546
TOFU,66.625,0.807086,128.019754
TOFU,66.65,0.806972,128.019947
TOFU,66.675,0.80694,128.020168
TOFU,66.7,0.806913,128.020391
TOFU,66.725,0.806824,128.020597
TOFU,66.75,0.806715,128.020794
TOFU,66.775,0.806607,128.020991
TOFU,66.8,0.806497,128.021187
TOFU,66.825,0.806356,128.021362
TOFU,66.85,0.806179,128.021501
TOFU,66.875,0.805974,128.021595
TOFU,66.9,0.805754,128.021647
TOFU,66.925,0.805533,128.021693
TOFU,66.95,0.805315,128.021753
TOFU,66.975,0.805124,128.021871
TOFU,67.0,0.804979,128.022042
TOFU,67.025,0.80489,128.022248
TOFU,67.05,0.804816,128.02246
TOFU,67.075,0.804669,128.022629
TOFU,67.1,0.804496,128.022774
TOFU,67.125,0.804314,128.022908
TOFU,67.15,0.80413,128.023037
TOFU,67.175,0.803945,128.023167
TOFU,67.2,0.803761,128.023297
TOFU,67.225,0.80358,128.023432
TOFU,67.25,0.803428,128.023598
TOFU,67.275,0.803313,128.023791
TOFU,67.3,0.803241,128.024003
TOFU,67.325,0.803215,128.024226
TOFU,67.35,0.803221,128.024451
TOFU,67.375,0.803227,128.024675
TOFU,67.4,0.803233,128.0249
TOFU,67.425,0.803147,128.025102
TOFU,67.45,0.802945,128.02519
TOFU,67.475,0.802737,128.025116
TOFU,67.5,0.802617,128.024927
TOFU,67.525,0.802546,128.024714
TOFU,67.55,0.802487,128.024497
TOFU,67.575,0.802417,128.024284
TOFU,67.6,0.802246,128.024144
TOFU,67.625,0.802024,128.024145
TOFU,67.65,0.801837,128.024267
TOFU,67.675,0.801761,128.024474
TOFU,67.7,0.801835,128.024682
TOFU,67.725,0.80197,128.024862
TOFU,67.75,0.802021,128.025077
TOFU,67.775,0.801931,128.025279
TOFU,67.8,0.80181,128.025373
